페이지,제목,내용,작성자,등록일,조회수
1,BYD·벤츠 등 자발적 시정조치(리콜),"국토교통부(장관 김윤덕)는 비와이디코리아(유), 메르세데스벤츠코리아㈜, 스텔란티스코리아㈜, ㈜재규어랜드로버코리아, 현대자동차㈜, ㈜볼보자동차코리아에서 제작·수입·판매한 38개 차종 146,505대에서 제작 결함이 발견되어 자발적으로 시정조치(리콜)한다고 밝혔다. ① (BYD) SEALION 7 등 6개 차종 18,091대는 좌석 안전띠 미착용 경고가 다른 알림이 뜨는 경우 가려져 보이지 않는 현상이 발생하여 안전기준 부적합으로 6월 19일부터 시정조치를 진행하고 있다. ② (벤츠) C 300 4MATIC 2,113대는 운전대 전자장치* 제어 회로의 내구성 부족으로 인해 경음기 및 운전대 버튼 등이 작동하지 않을 가능성으로 6월 26일부터 시정조치를 진행하고 있다. * 통화 장치, 미디어 음량 조절 장치 및 운전자 보조 시스템 등 ③ (스텔란티스) 300C 1,731대는 고압 연료펌프* 부속품 내구성 부족으로 인해 주행 중 시동이 꺼질 가능성으로 6월 26일부터 시정조치를 진행하고 있다. * 엔진에 연료를 공급하는 장치 ④ (랜드로버) 디펜더 110 D240 등 21개 차종 14,373대는 운전대 에어백 연결장치의 내구성 부족으로 인해 에어백 경고등이 점등되고, 충돌 시 에어백이 작동하지 않을 가능성으로 7월 3일부터 시정조치에 들어간다. ⑤ (현대) 투싼 등 2개 차종 54,792대는 계기판 제어 소프트웨어 오류로 인해 계기판 깜빡임 또는 꺼짐이 발생하는 안전기준 부적합으로 7월 6일부터 시정조치에 들어간다. ⑥ (볼보) XC60 등 7개 차종 55,405대는 48V 발전기* 부속품 내구성 부족으로 인해 12V 배터리 및 엔진의 경고등이 점등되고, 스타트스탑** 기능 사용 시 재시동이 되지 않을 가능성으로, * 전기를 생산하고 자동차의 구동을 도와주는 장치 ** 연비 개선 및 배출가스 감소를 위해 정차 시 자동으로 시동을 끄고, 출발 시 시동을 걸어주는 기능 - XC60 등 6개 차종 44,381대는 7월 13일부터 시정조치에 들어가며, 부품 규격이 다른 XC40 11,024대는 해당 부품을 수급하는 대로 시정조치에 들어갈 예정이다.□ 한편, 내 차의 리콜 대상 여부와 구체적인 결함 사항은 자동차리콜센터(PC www.car.go.kr, 모바일 m.car.go.kr / 문의처 080-357-2500)에서 차량번호 또는 차대번호를 입력하고 확인할 수 있다.",김동규,2026-07-02,167
1,케이지모빌리티·기아 등 자발적 시정조치(리콜),"국토교통부(장관 김윤덕)는 케이지모빌리티㈜, 기아㈜, 한국토요타자동차㈜, 현대자동차㈜ 에서 제작·수입·판매한 17개 차종 532,144대에서 제작 결함이 발견되어 자발적으로 시정조치(리콜)한다고 밝혔다. ① (케이지모빌리티) 토레스 등 6개 차종 51,535대는 메모리 과부하로 인해 계기판 디스플레이가 멈추거나 꺼질 가능성으로 4월 20일부터 시정조치를 진행하고 있고, 토레스 EVX 등 2개 차종 18,533대는 소프트웨어 설계 미흡으로 후방추돌경고등 점멸 주기를 만족하지 않는 안전기준 부적합으로 4월 20일부터 시정조치를 진행하고 있다. ② (기아) 레이 220,059대는 엔진제어장치 소프트웨어 설계 미흡으로 주행 중 시동꺼짐이 발생할 가능성으로 4월 28일부터 시정조치에 들어간다. ③ (토요타) 프리우스 2WD 등 3개 차종 2,132대는 뒷문 외부핸들 회로 설계 미흡으로 주행 중 뒷문이 열릴 가능성으로 4월 23일부터 시정조치에 들어간다. ④ (현대) 싼타페 등 4개 차종 239,683대는 1열 좌석 안전띠 고정 장치 설계 미흡으로 충돌사고 시 승객을 정상적으로 보호하지 못할 가능성으로 6월 4일*부터 시정조치에 들어가고, * 글로벌 리콜(美, 아이오닉6 등 4개 차종 29만 4천대)과 동일한 리콜이며, 보강 부품을 조속히 생산하여 리콜 시정 개시 예정 - 일렉시티 이층버스 202대는 차체 설계 미흡에 따른 중문 상단부 차체 구조물 균열로 안전에 지장을 줄 가능성으로 4월 20일부터 시정조치를 진행하고 있다.□ 리콜 대상 여부와 구체적인 결함 사항은 자동차리콜센터(PC www.car.go.kr, 모바일 m.car.go.kr / 문의처 080-357-2500)에서 차량번호 또는 차대번호를 입력하고 확인할 수 있다.",김동규,2026-04-22,991
1,현대 팰리세이드 전동시트 관련 결함 등에 대한 자발적 시정조치(리콜),"국토교통부(장관 김윤덕)는 현대자동차㈜, 기아㈜, 케이지모빌리티㈜, 비엠더블유코리아㈜에서 제작·수입·판매한 24개 차종 408,942대에서 제작 결함이 발견되어 자발적으로 시정조치(리콜)한다고 밝혔다.□ 우선, 최근 발생한 전동시트 관련 사고와 관련하여 현대자동차㈜는 팰리세이드 등 2개 차종 57,987대의 2열, 3열 전동시트 제어기 소프트웨어 설계 미흡으로 인해 탑승자나 사물과의 접촉을 감지하지 못해 안전에 지장을 줄 가능성으로 3월 20일부터 OTA*를 통한 시정조치를 진행하고 있다. * OTA(Over-The-Air) : 서비스 방문없이 무선 통신망을 통해 소프트웨어의 성능 개선하는 방식 ㅇ 금번 리콜에 따라 전동시트가 접히는 기능의 해제를 보다 쉽게하고, 기능 작동 시 접촉 감지 구간을 확대하는 등의 개선이 이루어지며, 주요 개선사항은 아래와 같다. ① 한 번의 스위치 조작으로 전동시트 작동 해제(기존 : 엔진 재시동 후 스위치 조작) ② 시트 자동 접힘은 테일게이트가 열렸을 때만 작동(기존 : 상시 작동) ③ 시트 조작(접힘 · 펼침) 시 승객·물체가 닿으면 반응하는 구간 확대 등ㅇ 또한, 추가적인 안전성 강화를 위한 전동시트 작동 방법 개선도 검토 중이다. - 개선 사항이 확정되면, 추가 리콜이 진행(4월중) 될 계획이며, 국토부는 리콜 과정, 보완 여부 등을 지속적으로 모니터링할 예정이다.□ 이 밖에도 4개 제작사 24개 차종에서 제작 결함이 발견되어 시정조치를 진행한다. ① (기아) 카니발 201,841대는 저압연료라인 설계 미흡으로 인해 연료가 누유되어 주행중 시동꺼짐 및 화재가 발생할 가능성으로 3월 25일부터 시정조치에 들어간다. ② (현대) 팰리세이드 등 2개 차종 41,143대는 3열 좌측 안전띠 버클 배선 설계 미흡으로 안전띠가 체결되지 않아도 경고장치가 작동하지 않는 안전기준 부적합으로 4월 10일부터 시정조치에 들어간다. ③ (케이지모빌리티) 토레스 등 3개 차종 78,293대는 냉각팬 저항 코일의 열적 부하 및 과열로 화재 발생 가능성으로 3월 16일부터 시정조치를 진행하고 있다. ④ (비엠더블유) BMW 520i 등 18개 차종 29,678대는 에어컨 배선 설계 미흡으로 에어컨 필터 교체 과정에서 배선이 손상되어 단락이 발생할 경우 이로 인한 화재 발생 가능성으로 3월 24일부터 시정조치에 들어간다.□ 한편, 내 차의 리콜 대상 여부와 구체적인 결함 사항은 자동차리콜센터(PC www.car.go.kr, 모바일 m.car.go.kr / 문의처 080-357-2500)에서 차량번호 또는 차대번호를 입력하고 확인할 수 있다.",김동규,2026-03-24,586
1,현대·기아 등 자발적 시정조치(리콜),"국토교통부(장관 김윤덕)는 현대자동차㈜, 기아㈜, 비엠더블유코리아㈜에서 제작·수입·판매한 37개 차종 107,158대에서 제작 결함이 발견되어 자발적으로 시정조치(리콜)한다고 밝혔다. ① (현대) 코나 전기차 등 4개 차종 37,690대는 배터리관리시스템 소프트웨어 설계 미흡으로 고전압배터리 문제 발생 시 사전에 감지하지 못해 고전압배터리에서 화재가 발생할 가능성으로 2월 27일부터 시정조치에 들어간다. ② (기아) 니로 전기차 1,590대는 배터리관리시스템 소프트웨어 설계 미흡으로 고전압배터리 문제 발생 시 사전에 감지하지 못해 고전압배터리에서 화재가 발생할 가능성으로 2월 27일부터 시정조치에 들어간다. ③ (비엠더블유) 520i 등 32개 차종 67,878대는 스타터 모터 내부 부품 단락으로 인한 화재 발생 가능성으로 3월 4일부터 시정조치에 들어간다.□ 한편, 내 차의 리콜 대상 여부와 구체적인 결함 사항은 자동차리콜센터(PC www.car.go.kr, 모바일 m.car.go.kr / 문의처 080-357-2500)에서 차량번호 또는 차대번호를 입력하고 확인할 수 있다.",김동규,2026-02-27,789
2,현대·기아 등 자발적 시정조치(리콜),"국토교통부(장관 김윤덕)는 현대자동차㈜, 기아㈜, 비엠더블유코리아㈜에서 제작·수입·판매한 51개 차종 179,880대에서 제작 결함이 발견되어 자발적으로 시정조치(리콜)한다고 밝혔다. ① (현대) 포터Ⅱ 일렉트릭 36,603대는 전동식 진공펌프 소프트웨어 오류로 인한 진공펌프 작동 불량으로 제동 성능이 저하될 가능성으로 2월 12일부터 시정조치에 들어가고, 그랜저 등 20차종 39,148대는 계기판 제어 소프트웨어 오류로 인해 계기판 꺼짐이 발생하는 안전기준 부적합으로 2월 11일부터 시정조치를 진행한다. ② (기아) 봉고Ⅲ EV 25,078대는 전동식 진공펌프 소프트웨어 오류로 인한 진공펌프 작동 불량으로 제동 성능이 저하될 가능성으로 2월 24일부터 시정조치에 들어가고, K8 등 16차종 69,137대는 계기판 제어 소프트웨어 오류로 인해 계기판 꺼짐이 발생하는 안전기준 부적합으로 2월 11일부터 시정조치를 진행한다. ③ (비엠더블유) i5 eDrive40 등 13개 차종 9,914대는 에어컨 컴프레셔 제어장치 소프트웨어 오류로 인해 고전압시스템이 차단되어 시동이 꺼질 가능성으로 2월 4일부터 시정조치를 진행하고 있다. □ 한편, 내 차의 리콜 대상 여부와 구체적인 결함 사항은 자동차리콜센터(PC www.car.go.kr, 모바일 m.car.go.kr / 문의처 080-357-2500)에서 차량번호 또는 차대번호를 입력하고 확인할 수 있다.",김동규,2026-02-11,751
2,볼보·GS글로벌 등 자발적 시정조치(리콜),"국토교통부(장관 김윤덕)는 ㈜볼보자동차코리아, ㈜GS글로벌, ㈜재규어랜드로버코리아, 포드세일즈서비스코리아(유)에서 수입·판매한 11개 차종 55,178대에서 제작결함이 발견되어 자발적으로 시정조치(리콜)한다고 밝혔다. ① (볼보) XC60 등 7개 차종 50,434대는 비상자동제동장치 센서의 한계로 의도치 않은 자동 긴급 제동이 발생할 가능성으로 1월 26일부터 시정조치를 진행하고 있다. ② (GS글로벌) T4K 1,692대는 차량 제어장치 소프트웨어 오류로 인해 주차(P)단으로 변속 시 전자식 주차브레이크가 작동하지 않을 가능성으로 1월 29일부터 시정조치를 진행한다. ③ (재규어랜드로버) 레인지로버 이보크 1,416대는 조수석 에어백 조립 불량으로 인해 에어백 전개 시 에어백이 손상되어 탑승자가 상해를 입을 가능성으로 1월 23일부터 시정조치를 진행하고 있다. ? (포드) 머스탱 1,489대는 차체 제어장치 수분 유입으로 차폭등, 후미등 및 번호등이 정상 작동되지 않는 안전기준 부적합으로 1월 26일부터 시정조치를 진행하고 있고, 익스페디션 147대는 후방 카메라 내구성 부족으로 인해 후방 카메라가 정상 작동하지 않을 가능성으로 1월 26일부터 시정조치를 진행하고 있다. □ 한편, 내 차의 리콜 대상 여부와 구체적인 결함 사항은 자동차리콜센터(PC www.car.go.kr, 모바일 m.car.go.kr / 문의처 080-357-2500)에서 차량번호 또는 차대번호를 입력하고 확인할 수 있다.",김동규,2026-02-10,211
2,현대·기아 등 자발적 시정조치(리콜),"국토교통부(장관 김윤덕)는 현대자동차㈜, 기아㈜, 메르세데스-벤츠코리아㈜, 포르쉐코리아㈜에서 제작·수입·판매한 74개 차종 344,073대에서 제작결함이 발견되어 자발적으로 시정조치(리콜)한다고 밝혔다. ① (현대) 현대자동차 아반떼 등 2개 차종 130,283대는 무단변속기 부품 내부로 이물질이 유입되어 구동력이 전달되지 않을 가능성으로 1월 19일부터 시정조치를 진행한다. ② (기아) 기아 K3 113,793대, 무단변속기 부품 내부로 이물질이 유입되어 구동력이 전달되지 않을 가능성으로 1월 15일부터 시정조치를 진행하고, 스포티지 등 2개 차종 3,895대는 바디 제어장치 소프트웨어 설계 오류로 인해 주차거리경고 기능이 작동하지 않는 안전기준 부적합으로 1월 14일부터 시정조치를 진행한다. ③ (벤츠) 벤츠 E200 등 24개 차종 56,208대는 인포테인멘트 제어장치 소프트웨어 오류로 인해 운행중 계기판이 꺼질 가능성으로 1월 12일부터 시정조치를 진행하고 있다. ④ (포르쉐) 포르쉐 카이엔 등 45개 차종 39,894대는 차량의 전자기 간섭으로 인해 서라운드 뷰 카메라가 작동하지 않을 가능성으로 1월 26일부터 시정조치를 진행할 예정이다. □ 한편, 내 차의 리콜 대상 여부와 구체적인 결함 사항은 자동차리콜센터(PC www.car.go.kr, 모바일 m.car.go.kr / 문의처 080-357-2500)에서 차량번호 및 차대번호를 입력하고 확인할 수 있다.",김동규,2026-02-10,462
2,현대·기아 등 자발적 시정조치(리콜),"국토교통부(장관 김윤덕)는 현대자동차㈜, 기아㈜, 르노코리아㈜, 포드세일즈서비스코리아㈜, 볼보트럭코리아㈜에서 제작·수입·판매한 8개 차종 107,747대에서 제작결함이 발견되어 자발적으로 시정조치(리콜)한다고 밝혔다. ① (현대) 포터2 60,934대는 엔진 구동벨트* 장력 조절장치의 설계 오류로 인해 구동벨트가 이탈되어 조향장치가 정상 작동하지 않을 가능성으로 9월 25일부터 시정조치에 들어간다. * 엔진의 동력을 전달하여 조향장치 등 다른 장치의 작동을 도와주는 부품 ② (기아) 봉고3 33,990대는 엔진 구동벨트 장력 조절장치의 설계 오류로 인해 구동벨트가 이탈되어 조향장치의 정상 작동하지 않을 가능성으로 9월 25일부터 시정조치에 들어간다. ③ (르노) XM3 등 2개 차종 8,562대는 연료공급 펌프 소프트웨어 오류로 인해 주행 중 시동이 꺼질 가능성으로 9월 25일부터 시정조치에 들어간다. ④ (포드) MKX 2,680대는 후방 보조제동등 커버 접착 불량으로 인해 주행 중 커버가 분리될 가능성으로 9월 30일부터 시정조치에 들어간다. ⑤ (볼보) FH트랙터 등 3개 차종 1,581대는 가변축* 제어 소프트웨어 오류로 인해 가변축 조종장치가 오작동하는 기준 부적합으로 9월 19일부터 시정조치를 진행하고 있다. * 적재물 하중 증가 시, 차량 하중을 고르게 배분하기 위해 상하로 움직이는 차축□ 한편, 내 차의 리콜 대상 여부와 구체적인 결함 사항은 자동차리콜센터(PC www.car.go.kr, 모바일 m.car.go.kr / 문의처 080-357-2500)에서 차량번호 및 차대번호를 입력하고 확인할 수 있다.",김동규,2025-12-16,1082
3,현대·케이지모빌리티 등 자발적 시정조치(리콜),"국토교통부(장관 김윤덕)는 현대자동차㈜, 케이지모빌리티㈜, 스텔란티스코리아㈜에서 제작·수입·판매한 4개 차종 42,388대에서 제작결함이 발견되어 자발적으로 시정조치(리콜)한다고 밝혔다. ① (현대) 아이오닉6 24,705대는 충전도어 커버 설계 미흡으로 인해 주행 중 커버가 이탈될 가능성으로 10월 24일부터 시정조치에 들어가고, GV60 10,617대는 앞 창유리 상단부 몰딩* 제조 불량으로 인해 주행 중 몰딩이 이탈될 가능성으로 10월 22일부터 시정조치에 들어간다. * 자동차 외관의 미관 향상 및 손상 방지를 위한 띠 모양의 부품 ② (케이지모빌리티) 무쏘EV 6,580대는 고전압 시스템 제어장치* 설계 오류로 인해 주행 중 시동이 꺼질 가능성으로 10월 15일부터 시정조치를 진행하고 있다. * 고전압을 사용하는 부품들의 상태를 확인하고, 안전한 상태로 유지해주는 장치 ③ (스텔란티스) 짚그랜드체로키(하이브리드) 486대는 전기구동 제어장치* 설계 오류로 인해 주행 중 구동력을 상실할 가능성으로 10월 15일부터 시정조치를 진행하고 있다. * 자동차의 모터 구동, 고전압배터리 상태 등을 제어하는 장치 □ 한편, 내 차의 리콜 대상 여부와 구체적인 결함 사항은 자동차리콜센터(PC www.car.go.kr, 모바일 m.car.go.kr / 문의처 080-357-2500)에서 차량번호 및 차대번호를 입력하고 확인할 수 있다.",김동규,2025-12-16,336
3,현대·포드 등 자발적 시정조치(리콜),"국토교통부(장관 김윤덕)는 현대자동차㈜, 포드세일즈서비스코리아㈜, 디앤에이모터스㈜, 메르세데스-벤츠코리아㈜, 스텔란티스코리아㈜에서 제작·수입·판매한 16개 차종 40,380대에서 제작결함이 발견되어 자발적으로 시정조치(리콜)한다고 밝혔다. ① (현대) 팰리세이드 등 2개 차종 27,656대는 보닛 잠금장치 강건성 부족으로 9월 16일부터 시정조치에 들어간다. ② (포드) 익스플로러 등 2개 차종 5,984대는 안전벨트 버클 고정 볼트 조립 불량으로 9월 5일부터 시정조치를 진행하고 있다. ③ (디앤에이모터스) UHR125 5,512대는 동력장치 내 교류발전기 홀센서* 제조 불량으로 9월 10일부터 시정조치에 들어간다. * 엔진의 크랭크샤프트 회전 위치 정보를 엔진제어장치(ECU)에 전달하는 장치 ④ (벤츠) GLC 300 4MATIC 등 10개 차종 904대는 조향장치 부품 체결 불량으로 9월 12일부터 시정조치에 들어간다. ⑤ (스텔란티스) 짚랭글러 차종 324대는 원격 시동 안테나* 케이블 조립 불량으로 9월 5일부터 시정조치를 진행하고 있다. * 원격 시동, 타이어 압력 모니터링 등 여러 무선 신호를 전달하는 장치 □ 한편, 내 차의 리콜 대상 여부와 구체적인 결함 사항은 자동차리콜센터(PC www.car.go.kr, 모바일 m.car.go.kr / 문의처 080-357-2500)에서 차량번호 및 차대번호를 입력하고 확인할 수 있다.",강찬우,2025-12-15,303
3,벤츠·현대 등 자발적 시정조치(리콜),"국토교통부(장관 김윤덕)는 메르세데스-벤츠코리아㈜, 현대자동차㈜, 만트럭버스코리아㈜, 르노코리아㈜에서 제작·수입·판매한 21개 차종 24,555대에서 제작결함이 발견되어 자발적으로 시정조치(리콜)한다고 밝혔다. ① (벤츠) E 350 4MATIC 차종 16,957대는 엔진제어장치 소프트웨어 오류로 인해 시동이 꺼질 가능성으로, EQE 350 4MATIC 등 5개 차종 523대는 고전압배터리 관리시스템 소프트웨어 오류로 인해 시동이 꺼질 가능성으로 각각 7월 25일부터 시정조치를 진행하고 있다. ② (현대) 쏠라티 등 2개 차종 5,974대는 휠 고정용 너트 체결 불량으로 인해 주행 중 너트 풀림 및 휠 이탈 발생 가능성으로 7월 31일부터 시정조치를 진행하고 있다. ③ (만트럭) TGM 카고 등 11개 차종 643대는 방향지시등 작동 후 주간주행등이 정상 작동되지 않는 안전기준 부적합으로 8월 11일부터 시정조치에 들어간다. ④ (르노) SM6 등 2개 차종 458대는 진공펌프* 제조 불량으로 인해 제동거리가 길어질 가능성으로 8월 11일부터 시정조치에 들어간다. * 작은 힘으로도 자동차를 제동할 수 있도록 도와주는 장치□ 한편, 내 차의 리콜 대상 여부와 구체적인 결함 사항은 자동차리콜센터(PC www.car.go.kr, 모바일 m.car.go.kr / 문의처 080-357-2500)에서 차량번호 및 차대번호를 입력하고 확인할 수 있다.",강찬우,2025-08-12,1251
4,재규어랜드로버·현대 등 자발적 시정조치(리콜),"국토교통부(장관 박상우)는 ㈜재규어랜드로버코리아, 현대자동차㈜, ㈜지에스글로벌, 지엠아시아퍼시픽지역본부㈜에서 제작·수입·판매한 19개 차종 14,708대에서 제작결함이 발견되어 자발적으로 시정조치(리콜)한다고 밝혔다. ① (재규어랜드로버) 디스커버리4 3.0D 등 12개 차종 10,878대는 피견인 차량 연결장치의 내구성 부족으로 인해 운행 중 연결장치와 피견인 차량이 분리될 가능성이 있어 7월 4일부터 시정조치에 들어간다. ② (현대) 아반떼 등 2개 차종 2,555대는 운전석 에어백 전개 시 과도한 내부 압력 증가로 인한 인플레이터*의 파손으로 승객이 상해를 입을 가능성이 있어 6월 10일부터 시정조치를 진행하고 있고, 카운티 일렉트릭 629대는 주차 브레이크 부속품 설계 오류로 인해 경사로 주차 시 차량 밀림이 발생할 가능성이 있어 6월 19일부터 시정조치를 진행하고 있다. * 에어백 전개에 필요한 가스를 발생시키는 장치 ③ (지에스글로벌) NEW BYD eBus-12 등 3개 차종 344대는 고전압배터리 트레이* 고정부의 내구성 부족으로 주행 진동에 따라 고정력이 저하되어 배터리셀이 트레이와 접촉하여 절연 불량 또는 화재 발생 가능성으로 6월 12일부터 시정조치를 진행하고 있다. * 배터리셀을 고정하고, 충격 등으로부터 배터리셀을 보호하는 구조물 ④ (지엠아시아퍼시픽) 리릭 302대는 인포테인먼트 제어장치 소프트웨어 오류로 인해 계기판 및 디스플레이가 꺼질 가능성이 있어 6월 27일부터 시정조치에 들어간다.□ 한편, 내 차의 리콜 대상 여부와 구체적인 결함 사항은 자동차리콜센터(PC www.car.go.kr, 모바일 m.car.go.kr / 문의처 080-357-2500)에서 차량번호 및 차대번호를 입력하고 확인할 수 있다.",강찬우,2025-06-27,611
4,기아·비엠더블유 등 자발적 시정조치(리콜),"국토교통부(장관 박상우)는 기아㈜, 비엠더블유코리아㈜, 현대자동차㈜에서 수입·판매한 14개 차종 16,577대에서 제작결함이 발견되어 자발적으로 시정조치(리콜)한다고 밝혔다.? ① (기아) 셀토스 등 2개 차종 12,949대는 고압파이프 제조 불량으로 인해 고압파이프와 주변 부품의 연결부에서 연료가 누유되어 화재가 발생할 가능성으로 5월 28일부터 시정조치를 진행한다. ② (비엠더블유) BMW 520i 등 11개 차종 2,213대는 48V 스타터 발전기의 배터리 배선 연결부 부품(슬리브) 장착 불량으로 인해 배터리 충전 불가, 시동꺼짐 및 화재 발생 가능성으로, BMW X3 20 xDrive 등 2개 차종 25대는 48V 스타터 발전기와 배터리 배선 간 연결볼트 체결 불량에 따른 시동꺼짐 및 화재 발생 가능성으로 각각 5월 16일부터 시정조치를 진행하고 있다. ③ (현대) 일렉시티 수소전기버스 1,390대는 수소 배출구 보호마개 설계 미흡에 따른 수분 유입 및 빙결로 인해 압력 해제 밸브의 정상작동이 불가하여 과압 발생 시 중압배관 연결부 이탈로 인한 수소 누출 가능성으로 5월 22일부터 시정조치를 진행한다.□ 한편, 내 차의 리콜 대상 여부와 구체적인 결함 사항은 자동차리콜센터(PC www.car.go.kr, 모바일 m.car.go.kr / 문의처 080-357-2500)에서 차량번호 및 차대번호를 입력하고 확인할 수 있다.",강찬우,2025-05-26,1003
4,볼보·벤츠 등 자발적 시정조치(리콜),"국토교통부(장관 박상우)는 볼보자동차코리아㈜, 메르세데스벤츠코리아㈜, 만트럭버스코리아㈜, ㈜재규어랜드로버코리아, 한국닛산㈜에서 수입·판매한 49개 차종 117,925대에서 제작결함이 발견되어 자발적으로 시정조치(리콜)한다고 밝혔다. ① (볼보) XC60 등 8개 차종 95,573대는 사고기록장치 소프트웨어 오류로 운행 정보가 정상적으로 기록되지 않을 가능성으로 4월 21일부터, XC60 등 3개 차종 1,560대는 구동축전지 제조 불량에 따른 화재 발생 가능성으로 4월 11일부터 각각 시정조치를 진행한다. ② (벤츠) S 580 4MATIC 등 9개 차종 17,285대는 브레이크 호스 내구성 부족에 따른 브레이크 오일 누출 가능성으로 4월 11일부터 시정조치를 진행한다. ③ (만트럭) TGX트랙터 등 24개 차종 1,515대는 중앙차량제어장치*에서과부하가 발생함에 따라 기어가 D단에서 N단으로 임의 변경될 가능성으로 4월 1일부터 시정조치를 진행하고 있다. * 차량에 장착된 모든 전자제어장치를 모니터링하고 제어하는 장치 ④ (재규어랜드로버) 더 뉴 레인지로버 P530 LWB 등 4개 차종 1,401대는 후방카메라 내부로 수분이 유입됨에 따라 후방영상이 정상적으로 표시되지 않을 가능성으로 4월 14일부터 시정조치를 진행한다. ⑤ (한국닛산) PATHFINDER 591대는 후드걸쇠장치*가 부식으로 고착되어 주행 중 후드가 경고 없이 개방될 가능성으로 4월 1일부터 시정조치를 진행하고 있다. * 자동차 전면부의 후드(보닛) 수동개폐장치□ 한편, 내 차의 리콜 대상 여부와 구체적인 결함 사항은 자동차리콜센터(PC www.car.go.kr, 모바일 m.car.go.kr / 문의처 080-357-2500)에서 차량번호 및 차대번호를 입력하고 확인할 수 있다.",강찬우,2025-04-11,561
4,벤츠·폭스바겐 등 자발적 시정조치(리콜),"국토교통부(장관 박상우)는 메르세데스벤츠코리아㈜, 폭스바겐그룹코리아㈜, 한국토요타자동차㈜, 스텔란티스코리아㈜, 포드세일즈서비스코리아(유)에서 제작 또는 수입·판매한 11개 차종 15,671대에서 제작결함이 발견되어 자발적으로 시정조치(리콜)한다고 밝혔다. ① (벤츠) S580 4MATIC 등 2개 차종 4,289대는 엔진 제어장치 소프트웨어 오류로 인한 화재 발생 가능성으로 3월 7일부터 시정조치를 진행하고 있다. ② (폭스바겐) 아우디 Q4 40 e-tron 등 2개 차종 4,226대는 브레이크 제어장치 소프트웨어 오류로 인해 기어 위치가 계기판에 정상적으로 표시되지 않는 안전기준 부적합으로 3월 11일부터 시정조치를 진행하고 있다. ③ (토요타) 시에나 하이브리드 등 2개 차종 2,722대는 3열 좌석 등받이고정볼트 체결 불량에 따른 안전기준 부적합으로 3월 17일부터 시정조치에 들어가고, 캠리 등 3개 차종 1,168대는 연료펌프 부속품 제조 불량으로 인한 시동꺼짐 가능성으로 3월 6일부터 시정조치를 진행하고 있다. ④ (스텔란티스) 크라이슬러 300C 1,731대는 고압 연료펌프 부속품 내구성 부족으로 인한 시동 꺼짐 가능성으로 3월 10일부터 시정조치를 진행하고 있다. ⑤ (포드) 노틸러스 1,535대는 차문 제어장치 소프트웨어 오류로 측면창유리 끼임 방지 기능이 정상 작동하지 않는 안전기준 부적합으로 3월 11일부터 시정조치를 진행하고 있다.□ 한편, 내 차의 리콜 대상 여부와 구체적인 결함 사항은 자동차리콜센터(PC www.car.go.kr, 모바일 m.car.go.kr / 문의처 080-357-2500)에서 차량번호 및 차대번호를 입력하고 확인할 수 있다.",강찬우,2025-03-17,511
5,기아·비엠더블유 등 자발적 시정조치(리콜),"국토교통부(장관 박상우)는 기아㈜, 비엠더블유코리아㈜, 르노코리아㈜, 테슬라코리아(유), ㈜재규어랜드로버코리아에서 제작 또는 수입·판매한 37개 차종 76,382대에서 제작결함이 발견되어 자발적으로 시정조치(리콜)한다고 밝혔다. ① (기아) 니로 등 2개 차종 35,571대는 동승석 하부 전기배선 설계 오류로 동승석 에어백이 미전개되거나 미전개 조건에서 비정상 전개되는 등 탑승자의 상해 발생 가능성으로 2월 26일부터 시정조치에 들어간다. ② (비엠더블유) BMW 528i 등 28개 차종 24,371대는 냉각수 펌프 배선 커넥터 내 수분 유입에 따른 단락으로 인한 화재 발생 가능성으로 2월 20일부터 시정조치에 들어간다. ③ (르노) ARKANA 하이브리드 등 2개 차종 8,056대는 하이브리드 시스템 제어장치* 및 변압기 소프트웨어 오류에 따른 저속 운행 중 차량 동력 상실로 인한 사고 발생 가능성으로 2월 20일부터 시정조치에 들어간다. * 엔진 및 전기 구동모터의 작동을 제어하는 장치 ④ (테슬라) 모델 Y 7,781대는 전자식 파워 어시스트 스티어링(EPAS)* 소프트웨어 오류에 따른 조향 보조 기능 저하 또는 상실로 인한 사고 발생 가능성으로 2월 21일부터 시정조치에 들어간다. * 전자식 모터를 통해 운전자의 핸들 움직임을 적은 힘으로 작동하도록 도와주는 시스템 ⑤ (재규어랜드로버) 디펜더 110 P300 등 4개 차종 603대는 터치스크린 관련 소프트웨어 오류로 후방카메라 화면이 스크린에 표시되지 않아 차량 후진 시 사고 발생 가능성으로 2월 26일부터 시정조치에 들어간다.□ 한편, 내 차의 리콜 대상 여부와 구체적인 결함 사항은 자동차리콜센터(PC www.car.go.kr, 모바일 m.car.go.kr / 문의처 080-357-2500)에서 차량번호 및 차대번호를 입력하고 확인할 수 있다.",강찬우,2025-02-26,718
5,현대·기아 등 자발적 시정조치(리콜),"국토교통부(장관 박상우)는 현대자동차㈜, 기아㈜, 메르세데스-벤츠코리아(주), 테슬라코리아(유)에서 제작 또는 수입·판매한 11개 차종 343,250대에서 제작결함이 발견되어 자발적으로 시정조치(리콜)한다고 밝혔다. ① (현대) 포터Ⅱ EV 등 2개 차종 141,125대는 12V 배터리 센서 설계 오류로 2월 3일부터, 넥쏘 19,830대는 비상점멸표시등 스위치 내구성 부족으로 1월 23일부터 시정조치에 들어간다. ② (기아) 쏘렌토 하이브리드 등 2개 차종 89,598대는 바디도메인 제어장치* 소프트웨어 오류로 1월 24일부터, 봉고Ⅲ EV 등 2개 차종 86,204대는 12V 배터리 센서 설계 오류로 1월 31일부터 시정조치에 들어간다. * 전조등, 타이어 공기압 모니터링 시스템, 스마트키 시스템 등 차량 일부 기능을 관리하는 통합제어장치 ③ (벤츠) S 580 4MATIC 등 2개 차종 4,068대는 엔진 컨트롤 유닛 소프트웨어 오류로 1월 16일부터 시정조치를 진행하고 있다. ④ (테슬라) 모델Y 등 2개 차종 2,425대는 타이어 공기압 모니터링 시스템 소프트웨어 오류로 인해 타이어 공기압 경고 장치가 정상 작동되지 않는 안전기준 부적합으로 1월 14일부터 시정조치를 진행하고 있다.□ 한편, 내 차의 리콜 대상 여부와 구체적인 결함 사항은 자동차리콜센터(PC www.car.go.kr, 모바일 m.car.go.kr / 문의처 080-357-2500)에서 차량번호 및 차대번호를 입력하고 확인할 수 있다.",강찬우,2025-01-24,1182
5,기아·현대 등 자발적 시정조치(리콜),"국토교통부(장관 박상우)는 기아㈜, 현대자동차(주), 한국지엠(주)·지엠아시아퍼시픽지역본부(주), 혼다코리아(주)에서 제작 또는 수입·판매한 22개 차종 307,517대에서 제작결함이 발견되어 자발적으로 시정조치(리콜)한다고 밝혔다. ① (기아) K7 137,553대는 전자제어유압장치(HECU) 내구성 부족에 따른 화재 발생 가능성으로 12월 16일부터 시정조치를 진행하고 있고, 쏘렌토 하이브리드 등 2개 차종 100,023대는 주간주행등이 정상 작동하지 않는 안전기준 부적합으로 12월 18일부터 시정조치에 들어간다. ② (현대) 넥쏘 등 4개 차종 36,122대는 온도 감응식 압력해제 밸브* 제조 불량에 따른 화재 발생 가능성으로 12월 20일부터 시정조치에 들어가고, 아이오닉5 2,517대는 주간주행등이 정상 작동하지 않는 안전기준 부적합으로 12월 24일부터 시정조치에 들어간다. * 온도 감응식 압력해제 밸브 : 차량 화재시 수소탱크 내 수소를 배출하는 부품 ③(한국지엠, 지엠아시아퍼시픽) 트랙스 크로스오버 등 13개 차종 31,057대는 연료펌프 컨트롤 모듈 내구성 부족에 따라 시동이 꺼질 가능성으로 12월 23일부터 시정조치에 들어간다. ④ (혼다) PILOT 245대는 연료탱크 파이프와 연료 주입구의 체결 불량에 따른 연료 누출 가능성으로 12월 20일부터 시정조치에 들어간다.□ 한편, 내 차의 리콜 대상 여부와 구체적인 결함 사항은 자동차리콜센터(PC www.car.go.kr, 모바일 m.car.go.kr / 문의처 080-357-2500)에서 차량번호 및 차대번호를 입력하고 확인할 수 있다.",강찬우,2025-01-24,627
5,현대·비엠더블유 등 자발적 시정조치(리콜),"국토교통부(장관 박상우)는 현대자동차(주), 비엠더블유코리아㈜, 기아㈜, 혼다코리아(주), 메르세데스벤츠코리아(주)에서 제작 또는 수입·판매한 84개 차종 298,721대에서 제작결함이 발견되어 자발적으로 시정조치(리콜)한다고 밝혔다. ① (현대) 아이오닉5 등 5개 차종 119,774대는 통합충전제어장치(ICCU) 소프트웨어 오류로, 포터2 EV 29,115대는 프로펠러 샤프트와 배터리 케이스 간격에 대한 설계 오류로 각각 12월 5일부터 시정조치에 들어간다. ② (비엠더블유) BMW 520i 등 62개 차종 69,614대는 통합제동장치 품질 불량으로 12월 6일부터 시정조치에 들어간다. ③ (기아) EV6 58,608대는 통합충전제어장치(ICCU) 소프트웨어 오류로 12월 9일부터 시정조치에 들어간다. ④ (혼다) ACCORD 등 7개 차종 12,713대는 연료펌프 내 임펠러 불량으로, CR-V 등 2개 차종 1,698대는 스티어링 기어박스 내 부적절한 스프링 사용으로 각각 12월 2일부터 시정조치를 진행하고 있다. ⑤ (벤츠) Mercedes-AMG E53 4MATIC+ 등 4개 차종 4,112대는 변속기 배선 커넥터 수분유입으로, S 580 4MATIC 등 2개 차종 3,087대는 엔진컨트롤 유닛 소프트웨어 오류로 각각 12월 6일부터 시정조치에 들어간다.□ 한편, 내 차의 리콜 대상 여부와 구체적인 결함 사항은 자동차리콜센터(PC www.car.go.kr, 모바일 m.car.go.kr / 문의처 080-357-2500)에서 차량번호 및 차대번호를 입력하고 확인할 수 있다.",강찬우,2025-01-24,441
6,포드·기아 등 자발적 시정조치(리콜),"국토교통부(장관 박상우)는 포드세일즈서비스코리아(유), 기아㈜, 르노코리아㈜, 스텔란티스코리아㈜에서 제작 또는 수입·판매한 5개 차종 58,180대에서 제작결함이 발견되어 자발적으로 시정조치(리콜)한다고 밝혔다. ① (포드) 익스플로러 31,634대는 앞유리 양쪽 외장재가 장착 불량에 따라 주행 중 분리될 가능성으로 11월 18일부터 시정조치를 진행하고 있다. ② (기아) 카렌스 23,090대는 전자제어유압장치(HECU) 내구성 부족에 따라 화재가 발생할 가능성으로 11월 25일부터 시정조치에 들어간다. ③ (르노) SM3 Z.E. 등 2개 차종 3,156대는 고전압배터리의 내부 셀에서 미세한 단락으로 인하여 충전 중 또는 충전 이후 화재가 발생할 가능성으로 11월 25일부터 시정조치에 들어간다. ④ (스텔란티스) 짚그랜드체로키 300대는 크랭크샤프트 톤 휠의 내구성 부족에 따라 엔진 동력 상실로 인한 사고 발생 가능성으로 12월 6일부터 시정조치에 들어간다.□ 한편, 내 차의 리콜 대상 여부와 구체적인 결함 사항은 자동차리콜센터(PC www.car.go.kr, 모바일 m.car.go.kr / 문의처 080-357-2500)에서 차량번호 및 차대번호를 입력하고 확인할 수 있다.",강찬우,2024-11-22,879
6,현대·벤츠 등 자발적 시정조치(리콜),"국토교통부(장관 박상우)는 현대자동차㈜, 메르세데스벤츠코리아㈜, 비엠더블유코리아㈜, 포드세일즈서비스코리아(유)에서 제작 또는 수입·판매한 33개 차종 189,797대에서 제작결함이 발견되어 자발적으로 시정조치(리콜)한다고 밝혔다. ① (현대) 그랜드스타렉스 등 4개 차종 117,569대는 전자제어유압장치(HECU) 내구성 부족에 따라 화재가 발생할 가능성으로 10월 25일부터, G70 등 4개 차종 58,105대는 고압연료펌프 내 압력 조절 부품의 내구성 부족으로 주행 중 차량이 멈출 가능성으로 10월 31일부터 시정조치에 들어간다. ② (벤츠) Mercedes-AMG GT 43 4MATIC+ 등 5개 차종 5,706대는 변속기 배선 커넥터 설계 오류로 화재가 발생할 가능성으로, GLE 300d 4MATIC 등 5개 차종 4,748대는 제원 통보된 차량 너비가 실제 너비와의 허용차를 초과하는 안전기준 부적합으로 10월 23일부터 각각 시정조치를 진행하고 있다. ③ (비엠더블유) BMW 530i xDrive 등 14개 차종 2,450대는 조향축 내 유니버설 조인트(조향축 간 회전력을 전달하는 부품)의 내구성 부족에 따라 안전에 지장을 줄 가능성으로 10월 22일부터 시정조치를 진행하고 있다. ④ (포드) 노틸러스 1,219대는 차량 도어 제어 소프트웨어 오류로 특정조건*에서 모든 측면 창유리의 끼임 방지 기능이 작동하지 않는 안전기준 부적합으로 10월 18일부터 시정조치를 진행하고 있다. * 창문이 열린 상태에서 주차(시동 OFF 및 키로 문 잠금) 후 12분 초과 시□ 한편, 내 차의 리콜 대상 여부와 구체적인 결함 사항은 자동차리콜센터(PC www.car.go.kr, 모바일 m.car.go.kr / 문의처 080-357-2500)에서 차량번호 및 차대번호를 입력하고 확인할 수 있다.",강찬우,2024-10-25,872
6,현대·기아 등 자발적 시정조치(리콜),"국토교통부(장관 박상우)는 현대자동차㈜, 기아㈜, 지엠아시아퍼시픽지역본부㈜, 한국지엠㈜에서 제작 또는 수입·판매한 10개 차종 607,502대에서 제작결함이 발견되어 자발적으로 시정조치(리콜)한다고 밝혔다. ① (현대) 쏘나타 등 2개 차종 312,744대는 에어백 제어장치 설계오류로 내부 소자가 손상되어 에어백이 전개되지 않을 가능성으로 10월 11일부터 시정조치에 들어간다. ② (기아) 포르테 등 4개 차종 285,327대는 에어백 제어장치 설계오류로 내부 소자가 손상되어 에어백이 전개되지 않을 가능성으로 10월 11일부터 시정조치에 들어가고, EV9 8,592대는 전자식 브레이크 소프트웨어 오류로 원격제어주차기능이 정상 작동되지 않는 안전기준 부적합으로 10월 7일부터 시정조치를 진행하고 있다. ③ (지엠아이아퍼시픽, 한국지엠) 에스컬레이드 등 3개 차종 839대는 전자식 브레이크 소프트웨어 오류로 제동액 부족 시 경고등이 점등되지 않는 안전기준 부적합으로 10월 8일부터 시정조치에 들어간다.□ 한편, 내 차의 리콜 대상 여부와 구체적인 결함 사항은 자동차리콜센터(PC www.car.go.kr, 모바일 m.car.go.kr / 문의처 080-357-2500)에서 차량번호 및 차대번호를 입력하고 확인할 수 있다.",강찬우,2024-10-25,676
6,현대·기아 등 자발적 시정조치(리콜),"국토교통부(장관 박상우)는 현대자동차㈜, 기아㈜, 만트럭버스코리아㈜, 스카니아코리아그룹㈜에서 제작 또는 수입·판매한 13개 차종 917,547대에서 제작결함이 발견되어 자발적으로 시정조치(리콜)한다고 밝혔다. ① (현대) 그랜저 등 5개 차종 620,349대는 전자제어유압장치(HECU) 내구성 부족에 따라 화재가 발생할 가능성으로 9월 27일부터 시정조치에 들어가고, 그랜드스타렉스 201,393대는 엔진 내 부품 체결부 내구성 부족에 따라 화재가 발생할 가능성으로 9월 26일부터 시정조치에 들어간다. ② (기아) 모하비 89,469대는 전자제어유압장치(HECU) 내구성 부족에 따라 화재가 발생할 가능성으로 9월 30일부터 시정조치에 들어가고, 동일한 결함으로 스포티지 3,233대는 9월 23일부터 시정조치를 진행하고 있다. ③ (만트럭) TGS 덤프트럭 등 4개 차종 1,829대(건설기계 570대, 자동차 1,259대)는 크랭크샤프트* 메인베어링 강성 부족에 따라 화재가 발생할 가능성으로 10월 4일부터 시정조치에 들어간다. * 엔진의 피스톤 왕복운동을 회전운동으로 변환하는 엔진의 주요 구성부품 ④ (스카니아) 스카니아 카고트럭 1,274대는 조향장치 내 연결부품(조향축과 앞바퀴를 연결하는 부품) 제조 불량으로 인한 핸들 떨림으로 안전에 지장을 줄 가능성이 확인되어 9월 27일부터 시정조치에 들어간다.□ 한편, 내 차의 리콜 대상 여부와 구체적인 결함 사항은 자동차리콜센터(PC www.car.go.kr, 모바일 m.car.go.kr / 문의처 080-357-2500)에서 차량번호 및 차대번호를 입력하고 확인 할 수 있다. * 단, 건설기계는 제작사(만트럭버스코리아(주)(☎ 080-661-1472))에 직접 문의",강찬우,2024-09-25,1155
7,BMW·포드등 자발적 시정조치(리콜),"국토교통부(장관 박상우)는 비엠더블유코리아㈜, 포드세일즈서비스코리아(유)에서 제작 또는 수입·판매한 30개 차종 31,279대에서 제작결함이 발견되어 자발적으로 시정조치(리콜)한다고 밝혔다. ① (BMW) MINI Cooper D five-door 등 15개 차종 21,139대는 배기가스재순환장치(EGR) 쿨러 내부 냉각수 누수로 인한 화재 발생 가능성으로, 520i 등 13개 차종 2,787대는 운전자지원첨단조향장치가 정상 작동하지 않는 안전기준 부적합으로, MINI Cooper SE 1,442대는 고전압 배터리 관리 모듈 S/W 오류로 인한 화재 발생 가능성으로 9월 12일부터 각각 시정조치에 들어간다. ② (포드) Aviator 5,911대는 앞좌석에서 핸드폰 통화 시 전자파 간섭으로 360° 카메라 시스템(어라운드 뷰) 화면이 고르지 않게 표출될 가능성이 있어 9월 12일부터 시정조치에 들어간다.□ 한편, 내 차의 리콜 대상 여부와 구체적인 결함 사항은 자동차리콜센터(PC www.car.go.kr, 모바일 m.car.go.kr / 문의처 080-357-2500)에서 차량번호 및 차대번호를 입력하고 확인할 수 있다.",강찬우,2024-09-11,416
7,BMW·볼보트럭 등 자발적 시정조치(리콜),"국토교통부(장관 박상우)는 비엠더블유코리아㈜, 볼보트럭코리아㈜, 현대자동차㈜에서 제작 또는 수입·판매한 67개 차종 78,218대에서 제작결함이 발견되어 자발적으로 시정조치(리콜)한다고 밝혔다. ① (BMW) BMW 520i 등 62개 차종 68,428대는 통합제동장치* 품질 불량으로 인해 제동성능이 저하될 가능성으로, 8월 28일부터 시정조치를 진행하고 있다. * 유압식 및 전자식 브레이크 시스템이 통합된 장치 ② (볼보트럭) FH 트랙터 등 4개 차종 6,998대는 가변축 조종장치의 설계오류로 안전기준*에 부적합하여, 9월 6일부터 시정조치에 들어간다. * 화물에 의한 차량 총중량 증가로, 기존 차축의 하중이 10톤을 초과하는 경우 상하로 작동할 수 있는 차축(가변축)이 자동으로 하강하여야 함 ③ (현대) 제네시스 쿠페 2,792대는 클러치 페달 부품*의 손상으로, 클러치 페달을 밟지 않아도 시동이 걸리고 차량이 움직일 수 있어 안전에 지장을 줄 가능성으로 9월 6일부터 시정조치에 들어간다. * 엔진 시동을 위해 클러치 페달을 밟을 시 작동되는 부품(이그니션 락 스위치)□ 한편, 내 차의 리콜 대상 여부와 구체적인 결함 사항은 자동차리콜센터(PC www.car.go.kr, 모바일 m.car.go.kr / 문의처 080-357-2500)에서 차량번호 및 차대번호를 입력하고 확인할 수 있다.",강찬우,2024-09-11,277
7,테슬라·기아 등 자발적 시정조치(리콜),"국토교통부(장관 박상우)는 테슬라코리아(유), 기아㈜, 포드세일즈서비스코리아(유), 지엠아시아퍼시픽지역본부㈜에서 제작 또는 수입·판매한 7개 차종 103,543대에서 제작결함이 발견되어 자발적으로 시정조치(리콜)한다고 밝혔다. ① (테슬라) 모델Y 등 4개 차종 66,489대는 후드 소프트웨어 오류로 주행 중 운전자가 후드 열림 상태를 감지하지 못하여 안전에 지장을 줄 가능성으로 8월 22일부터 시정조치에 들어간다. ② (기아) 프라이드 36,351대는 전자제어유압장치(HECU)* 내구성 부족에 따라 화재가 발생할 가능성으로 8월 19일부터 시정조치를 진행하고 있다. * 차량 제어 기능이 통합된 제동 전자제어장치 ③ (포드) MKX 402대는 브레이크 부스터*의 부품 내구성 부족에 따라 제동거리가 길어질 가능성으로 8월 22일부터 시정조치에 들어간다. * 브레이크에 부가적으로 압력을 증가시켜 제동력을 증가시키는 장치 ④ (지엠아시아퍼시픽) 캐딜락 리릭 301대는 전자식 브레이크 제어 장치(EBCM) 소프트웨어 오류로 특정 조건*에서 제동거리가 길어질 가능성으로 8월 23일부터 시정조치에 들어간다. * 마른 노면에서 저속(40km/h 이하) 주행□ 한편, 내 차의 리콜 대상 여부와 구체적인 결함 사항은 자동차리콜센터(PC www.car.go.kr, 모바일 m.car.go.kr / 문의처 080-357-2500)에서 차량번호 및 차대번호를 입력하고 확인할 수 있다.",강찬우,2024-08-21,449
7,비엠더블유·현대 등 자발적 시정조치(리콜),"국토교통부(장관 박상우)는 비엠더블유코리아㈜, 현대자동차㈜, 기아㈜, 케이지모빌리티커머셜㈜에서 제작 또는 수입·판매한 103개 차종 172,976대에서 제작결함이 발견되어 자발적으로 시정조치(리콜)한다고 밝혔다. ① (비엠더블유) BMW 320d 등 98개 차종 113,197대는 교체용 조향핸들이 장착되었을 경우 에어백 모듈의 인플레이터* 내부 압축가스 추진제가 변형되어 에어백 전개 시 과도한 폭발 압력으로 운전자에게 상해를 입힐 가능성으로 8월 8일부터 시정조치에 들어간다. * 내부 추진제를 순간적으로 연소시켜 에어백을 팽창시키는 가스 발생장치 ② (현대) 싼타페 등 2개 차종 43,926대는 2열 시트 좌우측 하단의 배선 설계 오류로 사이드 에어백이 정상 전개되지 않을 가능성으로 8월 16일부터, 엑시언트 FCEV 38대는 조향 피트먼암* 고정너트 제조 불량으로 조향장치가 정상 작동되지 않을 가능성으로 8월 14일부터 시정조치에 들어간다. * 조향핸들의 회전운동을 조향축의 수평운동으로 변환시켜는 부품 ③ (기아) 쏘울 15,763대는 전자제어유압장치(HECU) 내구성 부족에 따라 화재가 발생할 가능성으로 8월 5일부터 시정조치를 진행하고 있다. ④ (케이지) 스마트110E 52대는 조향장치 내 연결부품(조향축과 앞바퀴를 연결하는 부품) 제조 불량으로 조향장치가 정상작동하지 않을 가능성이 확인되어 8월 10일부터 시정조치에 들어간다.? □ 한편, 내 차의 리콜 대상 여부와 구체적인 결함 사항은 자동차리콜센터(PC www.car.go.kr, 모바일 m.car.go.kr / 문의처 080-357-2500)에서 차량번호 및 차대번호를 입력하고 확인할 수 있다.",강찬우,2024-08-08,864
8,기아·현대 등 자발적 시정조치(리콜),"국토교통부(장관 박상우)는 기아㈜, 현대자동차㈜, 테슬라코리아(유), 폭스바겐그룹코리아㈜, 한국토요타자동차㈜에서 제작 또는 수입·판매한 32개 차종 430,534대에서 제작결함이 발견되어 자발적으로 시정조치(리콜)한다고 밝혔다. ① (기아) K5 등 2개 차종 210,283대는 전자제어유압장치(HECU) 내구성 부족으로 7월 22일부터, 니로 EV 1,986대는 고전압배터리 전원차단장치 제조 불량으로 7월 24일부터 시정조치를 진행하고 있다. ② (현대) 투싼 등 3개 차종 178,489대는 전자제어유압장치(HECU) 내구성 부족으로 7월 30일부터, GV80 등 2개 차종 3,142대는 전동 사이드스텝* 설계 오류로 7월 31일부터 시정조치에 들어간다. * 차량 문이 개폐됨에 따라 발을 받칠 수 있도록 자동으로 전개되는 장치 ③ (테슬라) 모델Y 22,072대는 등화장치가 설치기준에 적합하지 않는 안전기준 부적합으로 7월 26일부터 시정조치에 들어간다. ④ (폭스바겐) A3 40 TFSI 등 5개 차종 5,341대는 연료펌프 제조 불량으로 7월 26일부터 시정조치에 들어가고, e-tron 55 quattro 833대는 고전압배터리 모듈 제조 불량으로 7월 24일부터 시정조치를 진행하고 있다. ⑤ (토요타) ES300h 등 13개 차종 5,559대는 전방/후방 카메라 용접 불량으로, NX350h 등 4개 차종 2,829대는 전방 인식 카메라 소프트웨어 오류로 각각 7월 25일부터 시정조치에 들어간다.□ 한편, 내 차의 리콜 대상 여부와 구체적인 결함 사항은 자동차리콜센터(PC www.car.go.kr, 모바일 m.car.go.kr / 문의처 080-357-2500)에서 차량번호 및 차대번호를 입력하고 확인할 수 있다.",강찬우,2024-07-25,1037
8,기아·닛산 등 자발적 시정조치(리콜),"국토교통부(장관 박상우)는 기아㈜, 한국닛산㈜, 현대자동차㈜, 포르쉐코리아㈜, 한국토요타자동차㈜에서 제작 또는 수입·판매한 32개 차종 156,740대에서 제작결함이 발견되어 자발적으로 시정조치(리콜)한다고 밝혔다. ① (기아) 쏘렌토 139,478대는 전자제어유압장치(HECU) 내구성 부족에 따라 화재가 발생할 가능성으로 7월 15일부터 시정조치에 들어간다. ② (닛산) Q50 2.2d 등 8개 차종 8,802대는 프로펠러 샤프트* 제조 불량으로 동력이 전달되지 않을 가능성으로 7월 17일부터 시정조치에 들어간다. * 엔진의 동력을 차량 뒤쪽 차동기어까지 전달하는 동력전달장치 ③ (현대) 일렉시티 등 2개 차종 2,887대는 인슐레이터* 내구성 부족에 따라 차량이 멈출 가능성으로 7월 10일부터 시정조치를 진행하고 있고, GV70 2,782대는 엔진점화장치 연결볼트 제조 불량으로 7월 18일부터 시정조치에 들어간다. * 차체와 구동모터를 연결하고 고정하며, 모터의 진동을 저감하는 장치 ④ (포르쉐) 911 카레라 4 GTS 카브리올레 등 17개 차종 2,054대는 차선유지 기능 작동 중 운전자에게 시각 신호를 알리지 못하는 안전기준 부적합으로 7월 17일부터 시정조치에 들어간다. ⑤ (토요타) 프리우스 2WD 등 3개 차종 737대는 뒷문 외부 개폐 손잡이 제조 불량으로 주행 중 뒷문이 열릴 가능성이 확인되어 7월 11일부터 시정조치에 들어간다.□ 한편, 내 차의 리콜 대상 여부와 구체적인 결함 사항은 자동차리콜센터(PC www.car.go.kr, 모바일 m.car.go.kr / 문의처 080-357-2500)에서 차량번호 및 차대번호를 입력하고 확인할 수 있다.",강찬우,2024-07-12,520
8,현대·기아 등 자발적 시정조치(리콜),"국토교통부(장관 박상우)는 현대자동차㈜, 기아㈜, 폭스바겐그룹코리아㈜, 테슬라코리아(유)에서 제작 또는 수입·판매한 11개 차종 456,977대에서 제작결함이 발견되어 자발적으로 시정조치(리콜)한다고 밝혔다. ① (현대) G80 등 2개 차종 236,518대는 엔진 시동용 모터 설계 오류로 화재가 발생할 가능성으로, 맥스크루즈 등 2개 차종 37,169대는 전자제어유압장치(HECU) 내구성 부족으로 화재가 발생할 가능성으로 6월 27일부터 시정조치에 들어간다. 싼타페 HEV 18,397대는 전자식 브레이크 소프트웨어 오류로 원격제어장치 작동 중단 시 차량이 즉시 정지되지 않는 안전기준 부적합으로 6월 28일부터 시정조치에 들어간다. ② (기아) 스포티지 157,188대는 전자제어유압장치(HECU) 내구성 부족에 따라 화재가 발생할 가능성으로 7월 3일부터 시정조치에 들어간다. ③ (폭스바겐) ID.4 82kWh 4,886대는 정보전자제어장치 소프트웨어 오류에 따라 속도계, 후방카메라 화면 등이 표시되지 않는 안전기준 부적합으로 6월 28일부터 시정조치에 들어간다. ④ (테슬라) 모델3 등 4개 차종 2,819대는 운전석 좌석안전띠 경고가 정상 작동되지 않는 안전기준 부적합으로 6월 28일부터 시정조치에 들어간다.□ 한편, 내 차의 리콜 대상 여부와 구체적인 결함 사항은 자동차리콜센터(PC www.car.go.kr, 모바일 m.car.go.kr / 문의처 080-357-2500)에서 차량번호 및 차대번호를 입력하고 확인할 수 있다.",강찬우,2024-06-26,988
8,기아·포르쉐 등 자발적 시정조치(리콜),"국토교통부(장관 박상우)는 기아㈜, 포르쉐코리아㈜, 르노코리아자동차㈜, 한국토요타자동차㈜, 한국지엠㈜, 현대자동차㈜에서 제작 또는 수입·판매한 17개 차종 36,897대에서 제작결함이 발견되어 자발적으로 시정조치(리콜) 한다고 밝혔다. ① (기아) 포르테 19,291대는 전자제어유압장치(HECU) 내구성 부족으로 6월 12일부터 시정조치를 진행하고 있고, 봉고3 11,896대 중 11,784대는 액화석유가스(LPG) 탱크 제조 불량, 112대는 엔진부 고압펌프 제조 불량으로 6월 18일부터 시정조치에 들어간다. ② (포르쉐) 카이엔 등 8개 차종 3,087대는 주행보조시스템 소프트웨어 오류로 차선유지 기능 작동 중 운전자에게 시각 신호를 알리지 못하는 안전기준 부적합으로 6월 7일부터 시정조치를 진행하고 있다. ③ (르노) MASTER 1,830대는 측면 보조방향지시등의 광도 등이 최소 기준을 만족하지 못하는 안전기준 부적합으로 6월 7일부터 시정조치를 진행하고 있다. ④ (토요타) 아발론 하이브리드 등 3개 차종 524대는 조수석 승객감지 센서 회로기판 제조 불량으로 6월 13일부터 시정조치에 들어간다. ⑤ (지엠) 트래버스 159대는 후부 및 옆면 반사기의 반사 성능이 최소 기준을 만족하지 못하는 안전기준 부적합으로 6월 12일부터 시정조치를 진행하고 있다. ⑥ (현대) 포터2 110대는 엔진부 고압펌프 제조 불량으로 6월 18일부터 시정조치에 들어간다.□ 한편, 내 차의 리콜 대상 여부와 구체적인 결함 사항은 자동차리콜센터(PC www.car.go.kr, 모바일 m.car.go.kr / 문의처 080-357-2500)에서 차량번호 및 차대번호를 입력하고 확인할 수 있다.",강찬우,2024-06-17,471
9,현대·기아·르노 등 자발적 시정조치(리콜),"국토교통부(장관 박상우)는 현대자동차㈜, 기아㈜, 르노코리아자동차㈜, 한국토요타자동차㈜, 폭스바겐그룹코리아㈜에서 제작 또는 수입·판매한 12개 차종 266,074대에서 제작결함이 발견되어 자발적으로 시정조치(리콜) 한다고 밝혔다. ① (현대) 그랜드스타렉스 116,745대는 냉각수 호스 설계 오류로, 제네시스 쿠페 등 2개 차종 3,401대는 전자제어유압장치(HECU) 내구성 부족으로 5월 30일부터 시정조치에 들어가고, 싼타페 HEV 27,516대는 배터리관리시스템(BMS) 소프트웨어 오류로 5월 24일부터 시정조치에 들어간다. ② (기아) 카니발 71,271대는 엔진오일필터 제조 불량으로 6월 3일부터 시정조치에 들어가고, 카렌스 등 2개 차종 8,456대는 전자제어유압장치(HECU) 내구성 부족으로 5월 29일부터 시정조치에 들어간다. ③ (르노) XM3 37,808대는 연료공급호스 고정장치 설계 오류로 5월 17일부터 시정조치를 진행하고 있다. ④ (토요타) 렉서스 LS500h 등 3개 차종 436대는 조수석 시트 조립 불량으로 5월 23일부터 시정조치에 들어간다. ⑤ (폭스바겐) ID.4 441대는 앞좌석 등받이 체결불량으로 5월 28일부터 시정조치에 들어간다. □ 한편, 내 차의 리콜 대상 여부와 구체적인 결함 사항은 자동차리콜센터(PC www.car.go.kr, 모바일 m.car.go.kr / 문의처 080-357-2500)에서 차량번호 및 차대번호를 입력하고 확인할 수 있다.",강찬우,2024-05-28,707
9,현대·기아·랜드로버 등 자발적 시정조치(리콜),"국토교통부(장관 박상우)는 현대자동차㈜, 기아㈜, ㈜재규어랜드로버코리아, 폭스바겐그룹코리아㈜에서 제작 또는 수입·판매한 11개 차종 7,738대에서 제작결함이 발견되어 자발적으로 시정조치(리콜) 한다고 밝혔다. ① (현대, 기아) 현대 아반떼 등 5개 차종 4,118대 및 기아 K3 등 3개 차종 2,668대는 배기가스 재순환장치(EGR) 밸브 전원단 도포 불량으로 주행 중 시동이 꺼져 차량이 멈출 가능성으로 5월 13일(월)부터 시정조치한다. ② (재규어랜드로버) 더 뉴 레인지로버 스포츠 P360 등 2개 차종 329대는 뒷면 우측 등화장치 고정너트 체결 불량으로 각종 등화(후미등, 제동등, 방향지시등)가 작동되지 않을 가능성으로 5월 13일(월)부터 시정조치에 들어간다. ③ (폭스바겐) 투아렉 3 3.0 TDI 623대는 운전자 지원 모바일 앱 소프트웨어 오류로 원격 주차 중 반전기능* 사용 시 장애물을 감지하지 못하는 안전기준 부적합 사항이 확인되어 5월 22일(수)부터 시정조치에 들어간다. * 주차 전 원래 위치로 되돌아가게 하는 기능□ 한편, 내 차의 리콜 대상 여부와 구체적인 결함 사항은 자동차리콜센터(PC www.car.go.kr, 모바일 m.car.go.kr / 문의처 080-357-2500)에서 차량번호 및 차대번호를 입력하고 확인할 수 있다.",강찬우,2024-05-08,724
9,기아·현대·벤츠 등 자발적 시정조치(리콜),"국토교통부(장관 박상우)는 기아㈜, 현대자동차㈜, 메르세데스벤츠코리아㈜, 스텔란티스코리아㈜에서 제작 또는 수입·판매한 43개 차종 206,844대에서 제작결함이 발견되어 자발적으로 시정조치(리콜) 한다. ① (기아) 니로 HEV 등 2개 차종 111,307대는 엔진동력전달 제어장치 제조 불량으로 5월 7일(화)부터, K9 21,770대는 전자제어유압장치(HECU)의 내구성 부족으로 4월 24일(수)부터, 니로 PHEV 등 2개 차종 7,287대는 전조등의 상·하향 전환 불량으로 5월 2일(목)부터 시정조치에 들어간다. ② (현대) 엑센트 37,059대는 전자제어유압장치(HECU)의 내구성 부족으로 4월 30일(화)부터 시정조치에 들어간다. ③ (벤츠) GLE 450 4MATIC 등 12개 차종 12,629대는 48V 배터리 접지부의 연결볼트 고정 불량으로, A 220 Sedan 등 21개 차종 12,797대는 계기판의 안개등 표시 안전기준 부적합으로, E 300 4MATIC 등 3개 차종 1,512대는 변속기 배선경로 부적정으로 각각 5월 3일(금)부터 시정조치에 들어간다. ④ (스텔란티스) 짚체로키 2,483대는 파워 리프트 게이트*의 배수 구조 설계오류로 제어장치에 수분 유입에 따른 단락으로 화재 발생 가능성이 확인되어 4월 30일(화)부터 시정조치에 들어간다. * 자동차 트렁크를 자동으로 열고 닫을 수 있는 장치□ 한편, 내 차의 리콜 대상 여부와 구체적인 결함 사항은 자동차리콜센터(PC www.car.go.kr, 모바일 m.car.go.kr / 문의처 080-357-2500)에서 차량번호 및 차대번호를 입력하고 확인할 수 있다.",강찬우,2024-04-24,1013
9,현대·벤츠 등 자발적 시정조치(리콜),"국토교통부(장관 박상우)는 현대자동차㈜, 메르세데스벤츠코리아㈜, 스텔란티스코리아㈜, 만트럭버스코리아㈜에서 제작 또는 수입·판매한 23개 차종 11,159대에서 제작결함이 발견되어 자발적으로 시정조치(리콜) 한다. ① (현대) 싼타페 등 2개 차종 6,468대는 2열 시트 제조 불량으로, G80 등 4개 차종 572대는 앞바퀴 어퍼암* 고정볼트 제조 불량으로 각각 4월 19일(금)부터, 그랜저 등 2개 차종 769대는 계기판 소프트웨어 오류로 4월 18일(목)부터 시정조치에 들어간다. * 자동차본체와 바퀴를 연결하는 부품으로 노면의 충격과 진동을 저감하는 역할 ② (벤츠) S 500 4MATIC 등 11개 차종 2,485대는 연료펌프 내 부품(임펠러) 의 내구성 부족으로 4월 19일(금)부터 시정조치에 들어간다. ③ (스텔란티스) Peugeot e-2008 Electric 등 3개 차종 557대는 전자장비 제어장치 소프트웨어 오류로 4월 12일(금)부터 시정조치를 진행하고 있다. ④ (만트럭) TGX 트랙터 308대는 트레일러 연결장치*의 볼트 체결 불량으로 4월 19일(금)부터 시정조치에 들어간다. * 견인차(트랙터)와 피견인차(트레일러)를 연결하는 장치□ 한편, 내 차의 리콜 대상 여부와 구체적인 결함 사항은 자동차리콜센터(PC www.car.go.kr, 모바일 m.car.go.kr / 문의처 080-357-2500)에서 차량번호 및 차대번호를 입력하고 확인할 수 있다.",강찬우,2024-04-18,528
10,벤츠·스텔란티스 등 자발적 시정조치(리콜),"국토교통부(장관 박상우)는 메르세데스-벤츠코리아㈜, 스텔란티스코리아㈜, 혼다코리아㈜, 재규어랜드로버코리아㈜에서 수입하여 판매한 62개 차종 50,760대에서 제작결함이 발견되어 자발적으로 시정조치(리콜) 한다. ① (벤츠) E 350 4MATIC 등 8개 차종 27,406대는 48V 배터리 접지부의 연결볼트 고정 불량으로 4월 5일(금)부터, GLC 300 4MATIC 등 31개 차종 8,833대는 퓨즈박스 내 설치된 퓨즈 제조 불량으로 4월 5일(금)부터 시정조치한다. GLE 450 4MATIC 등 2개 차종 8,058대는 변속기 컨트롤 유닛 소프트웨어 오류로 3월 29일(금)부터 시정조치를 진행하고 있다. ② (스텔란티스) 짚그랜드체로키 3,229대는 차량 앞쪽 상부 컨트롤 암* 고정 볼트 조립 불량으로 4월 8일(월)부터 시정조치에 들어간다. * 컨트롤 암 : 자동차 본체와 바퀴를 연결하는 장치 ③ (혼다) ACCORD 등 7개 차종 1,692대는 조수석 중량센서 회로기판의 제조 불량으로 4월 5일(금)부터 시정조치에 들어간다. ④ (재규어랜드로버) 레인지로버 5.0SC 등 13개 차종 1,542대는 후방카메라 커버(하우징) 제조 불량으로, 3월 26일(화)부터 시정조치에 들어간다.□ 한편, 내 차의 리콜 대상 여부와 구체적인 결함 사항은 자동차리콜센터(PC www.car.go.kr, 모바일 m.car.go.kr / 문의처 080-357-2500)에서 차량번호 및 차대번호를 입력하고 확인할 수 있다.",강찬우,2024-04-04,348
10,현대·기아 등 자발적 시정조치(리콜),"국토교통부(장관 박상우)는 현대자동차㈜, 기아㈜, 스텔란티스코리아㈜, 테슬라코리아(유)에서 제작 또는 수입·판매한 12개 차종 232,000대에서 제작결함이 발견되어 자발적으로 시정조치(리콜) 한다. ① (현대) 아이오닉5 등 5개 차종 113,916대는 통합충전제어장치(ICCU) 소프트웨어 오류로 3월 18일(월)부터, 아반떼 61,131대는 전조등 내구성 부족으로 3월 19일(화)부터 시정조치에 들어간다. ② (기아) EV6 56,016대는 통합충전제어장치(ICCU) 소프트웨어 오류로 3월 18일(월)부터, 레이 126대는 햇빛가리개 에어백 경고문구가 미표기된 안전기준 부적합으로 3월 20일(수)부터 시정조치에 들어간다. ③ (스텔란티스) 짚체로키 527대는 후퇴등 설치 위치가 기준(높이 1,200mm)보다 높게 설치된 안전기준 부적합으로, 짚랭글러PHEV 148대는 고전압배터리 제조불량으로 각각 3월 25일(월)부터 시정조치에 들어간다. ④ (테슬라) 모델3 등 2개 차종 136대는 저속 주행 및 후진 시 보행자 경고음이 울리지 않는 안전기준 부적합으로 3월 21일(목)부터 시정조치에 들어간다. □ 한편, 내 차의 리콜 대상 여부와 구체적인 결함 사항은 자동차리콜센터(PC www.car.go.kr, 모바일 m.car.go.kr / 문의처 080-357-2500)에서 차량번호 및 차대번호를 입력하고 확인할 수 있다.",강찬우,2024-03-14,1082
10,현대·비엠더블유 등 자발적 시정조치(리콜),"국토교통부(장관 박상우)는 현대자동차㈜, 비엠더블유코리아㈜, 기아㈜,스텔란티스코리아㈜에서 제작 또는 수입·판매한 43개 차종 69,044대에서 제작결함이 발견되어 자발적으로 시정조치(리콜) 한다고 밝혔다. ① (현대) EQ900 등 3개 차종 22,803대는 엔진오일공급 파이프 내구성 부족으로 3월 13일(수)부터, 포터2 13,457대는 엔진 구동벨트 장력 조절 장치의 고정볼트 설계 불량으로 3월 7일(목)부터 시정조치에 들어간다. ② (비엠더블유) BMW X7 xDrive40i 등 34개 차종 12,607대는 통합제동장치 제조불량으로 3월 5일(화)부터 시정조치를 진행하고 있다. * 통합제동장치 : 전자식 및 유압식 브레이크 시스템이 통합된 장치 ③ (기아) K9 등 2개 차종 11,569대는 엔진오일공급 파이프 내구성 부족으로 3월 13일(수)부터, 봉고3 7,653대는 엔진 구동벨트 장력 조절 장치의 고정볼트 설계 불량으로 3월 7일(목)부터 시정조치에 들어간다. ④ (스텔란티스) 짚랭글러PHEV 등 2개 차종 955대는 냉각수 히터 소프트웨어 오류로 3월 11일(월)부터 시정조치에 들어간다.□ 한편, 내 차의 리콜 대상 여부와 구체적인 결함 사항은 자동차리콜센터(PC www.car.go.kr, 모바일 m.car.go.kr / 문의처 080-357-2500)에서 차량번호 및 차대번호를 입력하고 확인할 수 있다.",강찬우,2024-03-11,660
10,테슬라 · 기아 · 현대 등 자발적 시정조치(리콜),"국토교통부(장관 박상우)는 테슬라코리아(유), 기아㈜, 현대자동차㈜, ㈜GS글로벌, 포드세일즈서비스코리아(유), 범한자동차㈜에서 제작 또는 수입·판매한 19개 차종 54,792대에서 제작결함이 발견되어 자발적으로 시정조치(리콜) 한다고 밝혔다. ① (테슬라) 모델3 등 4개 차종 51,785대는 계기판 표시등 글자 크기가 기준 보다 작아 안전기준 부적합으로, 모델X 등 2개 차종 852대는 후방카메라 소프트웨어 오류로 각각 2월 21일(수)부터 시정조치에 들어간다. ② (기아) EV6 366대는 뒷바퀴 동력전달장치 제조불량으로, 니로 EV 92대는 앞바퀴 동력전달장치 제조불량으로 각각 2월 21일(수)부터 시정조치에 들어간다. ③ (현대) 아이오닉5 등 3개 차종 641대는 뒷바퀴 동력전달장치 제조불량으로 2월 28일(수)부터 시정조치에 들어간다. ④ (BYD) NEW BYD eBus-12 등 5개 차종 606대(수입사:GS글로벌)는 승차장치(승강구 등) 규격이 기준에 미달하여 2월 23일(금)부터 시정조치에 들어간다. ⑤ (포드) 네비게이터 350대는 후방카메라 내구성 부족으로 2월 22일(목)부터 시정조치에 들어간다. ⑥ (황해) E-SKY11 등 2개 차종 100대(수입사:범한)는 승차장치(승강구 등) 규격이 기준에 미달하여 2월 22일(목)부터 시정조치에 들어간다.□ 한편, 내 차의 리콜 대상 여부와 구체적인 결함 사항은 자동차리콜센터(PC www.car.go.kr, 모바일 m.car.go.kr / 문의처 080-357-2500)에서 차량번호 및 차대번호를 입력하고 확인할 수 있다.",관리자,2024-02-21,895
