name,address,phone,latitude,longitude
(주)도곡공업사,서울특별시 강남구 남부순환로381길 45 (도곡동),02-575-7666,37.4870237618396,127.045424085306
(주)동남모터스,서울 성동구 행당동 고산자로 224(행당동),02-2293-0626,37.5597659011703,127.034597281123
(주)동부모터스,"서울특별시 송파구 송이로 149, 동부모터스 (가락동)",02-2043-2266,37.4937631123734,127.124661640635
(주)천호점 기아오토큐,"서울특별시 강동구 천중로 23, 1층 (천호동)",02-477-8572,37.545783882412,127.124712344213
㈜일원점 기아오토큐,서울특별시 강남구 개포로140길 24 (일원동),02-445-5285,37.4940476836145,127.0863954141
가리봉점 기아오토큐,서울특별시 구로구 남부순환로105길 80  가리봉동,02-869-2220,37.4803374769604,126.888509535146
가양점 기아오토큐,서울특별시 강서구 허준로 78(가양동),02-3661-8408,37.5679540328271,126.849716354246
가좌점 기아오토큐,서울특별시 서대문구 증가로 251(북가좌동),02-304-8585,37.5831868601528,126.911908173316
갈현점 기아오토큐,서울특별시 은평구 서오릉로 221(구산동),02-356-0652,37.6147478515126,126.90918435356
강동종합서비스 기아오토큐,서울특별시 강동구 성내로 60,02-477-1123,37.5279996964059,127.126556080105
강서서비스센터,서울특별시 강서구 양천로 542 (등촌동),02-2635-8585,37.5585184779024,126.859019177478
강일점 기아오토큐(주),서울특별시 강동구 상일로 134 (강일동 711번지),02-429-8211,37.5591925379068,127.171592235173
개봉점 기아오토큐,서울특별시 구로구 개봉로 11  개봉동,02-3666-3636,37.4866640469211,126.856050900235
공단써비스센타,서울특별시 구로구 구로동로 2 (가리봉동),02-864-1311,37.48215177966,126.887403008669
공릉점 기아오토큐,서울특별시 노원구  동일로173가길 112,02-978-2523,37.6232709704138,127.072377193375
공항점 기아오토큐,서울특별시 강서구 송정로 24(공항동),02-2666-1259,37.557324862957,126.812017590872
구로북부점 기아오토큐,서울특별시 구로구 새말로 77  구로동,02-839-6157,37.5050082738598,126.888668063501
구로서비스 기아오토큐,서울특별시 구로구 개봉로 23가길 26 (개봉동 206-2),02-2687-9300,37.4951405744528,126.857642095931
구로점 기아오토큐,서울특별시 구로구 구로중앙로40길 32 (신도림동),02-2069-1900,37.5072264724293,126.877573798909
구의점 기아오토큐,서울특별시 광진구 광나루로 512 (구의동),02-453-9998,37.5447026218592,127.086251851753
금천서비스 기아오토큐(주),서울특별시 금천구 벚꽃로 150 (독산동),02-853-0300,37.4685006915125,126.889038971205
길동점 기아오토큐,서울특별시 강동구 양재대로 1523 (천호동),02-474-8585,37.5418888773443,127.141111085946
남가좌점 기아오토큐,서울특별시 서대문구 모래내로 257(남가좌동),02-376-3888,37.5764122483104,126.926892503739
남도봉서비스 기아오토큐(주),서울특별시 도봉구 도봉로140길 32 (창동),02-991-8585,37.6608364863571,127.043926003372
내발산점 기아오토큐,서울특별시 강서구 강서로 312(내발산동),02-3663-9337,37.5534695337932,126.837083163931
논현점 기아오토큐,서울특별시 강남구 선릉로131길 26 (논현동),02-554-7110,37.5174198329015,127.038819680852
대림점 기아오토큐,서울특별시 영등포구 대림로 229(대림동),02-847-5008,37.5010156724498,126.896831252964
대방점 기아오토큐,서울특별시 동작구 상도로 19 (대방동),02-824-8122,37.500074558945,126.92263792029
대일차사랑자동차(주),서울특별시 중랑구 중랑천로14길 24 (중화동),02-437-7979,37.5941256531617,127.073871698921
대조점 기아오토큐,서울특별시 은평구 연서로 164(대조동),02-382-8585,37.6134109104149,126.917967906096
대치점 기아오토큐,서울특별시 강남구 역삼로 559 (대치동),02-558-8581,37.5052417940739,127.064345817026
도봉서비스센터,"서울특별시 도봉구 도봉로180나길 48, 도봉서비스 센터(도봉동)",02-3493-8585,37.6835039991566,127.050163589566
독립문점 기아오토큐,서울특별시 종로구 통일로 272(무악동),02-722-4849,37.5762012083103,126.956354018673
독산점 기아오토큐,서울특별시 금천구 시흥대로153길 15 (독산동),02-852-1880,37.4769389126989,126.897614818058
등촌점 기아오토큐,서울특별시 강서구 양천로 614(등촌동),02-3662-1374,37.5547920691611,126.865844714611
마곡종합서비스 기아오토큐,서울특별시 강서구 남부순환로 223-29(외발산동),02-3662-1371,37.5462468273358,126.823272738785
면목남부점 기아오토큐,서울특별시 중랑구 동일로 604  면목동,02-496-2580,37.5842613067216,127.080107336343
명동점 기아오토큐,서울특별시 중구 삼일대로2길 90 (주자동),02-2275-5998,37.5609922621367,126.989579922603
문래서비스 기아오토큐(주),서울특별시 영등포구 경인로90길 10 (문래동1가),02-2633-5400,37.5133383151012,126.900676763134
반포점 기아오토큐,서울특별시 서초구 사평대로 72 (반포동),02-593-8204,37.4978552389077,126.992397654556
방배점 기아오토큐,서울특별시 서초구 서초대로 77 (방배동),02-596-8585,37.4870478093715,126.990749622557
방학점 기아오토큐(주),서울특별시 도봉구 방학로 35,02-955-3733,37.662189911009,127.048376794296
방화점 기아오토큐,서울특별시 강서구 방화대로 354(방화동),02-2661-4595,37.5724591775301,126.817143579957
번동점 기아오토큐,서울특별시 강북구 월계로 201 (번동),02-985-8285,37.6220781538214,127.045963647631
봉천점 기아오토큐,서울특별시 관악구 봉천로 342,02-889-8282,37.4846418505232,126.938097694888
불광점 기아오토큐,서울특별시 은평구 연서로 328(불광동),02-388-9788,37.6243532925469,126.928752042348
사직점 기아오토큐,서울 종로구 사직동 263,02-730-5500,37.5742677580036,126.965913909416
삼성점 기아오토큐,서울특별시 강남구 봉은사로 441 (삼성동),02-515-8840,37.5117919383118,127.048010587967
삼전점 기아오토큐,"서울특별시 송파구 삼전로 44  삼전동, 덕원빌딩",02-412-5407,37.502835233322,127.087080935286
상계점 기아오토큐,서울 노원구 노원로 472,02-937-8585,37.6584814130365,127.06564751297
상도점 기아오토큐,서울특별시 관악구 양녕로16길 4 (봉천동),02-817-1188,37.4896900492645,126.946064685262
서부역점 기아오토큐,서울특별시 용산구 청파로 351(서계동),02-714-3400,37.5509679300061,126.969314767557
서빙고점 기아오토큐,서울특별시 용산구 서빙고로 305(동빙고동),02-749-8887,37.5215178210801,126.997492309495
서초남부점 기아오토큐,서울특별시 서초구 서초대로42길 70 (서초동),02-522-0427,37.488986285994,127.009771996149
서초점 기아오토큐,서울특별시 서초구 사임당로 90 (서초동),02-568-7001,37.489707835555,127.019703275474
서초중부점 기아오토큐,"서울 서초구 효령로 356 (서초동 1438-1,10,11)",02-523-2654,37.4864968459389,127.023063981282
성내점 기아오토큐,서울특별시 강동구 성안로 11(성내동),02-408-4955,37.5250311889184,127.129116114244
성동서비스센터,서울특별시 성동구 성수이로26길 61 (성수동2가),02-498-8585,37.5449506189317,127.064108919244
성수남부점 기아오토큐(주),서울특별시 성동구 성수일로 57(성수동1가),02-462-3375,37.5457129096466,127.049820013834
성수서비스 기아오토큐(주),서울특별시 성동구 성수이로22길 40 (성수동2가),02-467-9777,37.5434516543845,127.061342575064
성우자동차공업(주),"서울특별시 성동구 왕십리로16길26 (성수동1가), 성우자동차공업(주)",02-498-1885,37.5512068010485,127.047056965219
송일자동차공업(주),서울특별시 송파구 문정로4길 25 (문정동),02-404-1193,37.4841455069935,127.126679257867
수서서비스 기아오토큐(주),서울 강남구 수서동 725-3,02-2226-0167,37.4866373949263,127.103595256168
수유북부점 기아오토큐,"서울특별시 강북구 인수봉로 296, 수유북부점 기아오토큐(수유동)",02-992-1210,37.6452326526359,127.010913399041
시흥서비스센터,서울특별시 금천구 시흥대로51길 20 (시흥동),02-804-8585,37.4513805762042,126.899844328209
신길남부점 기아오토큐,서울특별시 영등포구 도림로 230(신길동),02-841-5582,37.4986252351793,126.905021511595
신내점 기아오토큐,"서울특별시 중랑구 숙선옹주로5길 1, 신내점 가아오토큐(묵동)",02-949-8272,37.6146621984142,127.080600691354
신당점 기아오토큐,서울특별시 중구 다산로40길 15(신당동),02-2231-8582,37.5640359865152,127.016852881559
신당중부점 기아오토큐,서울특별시 중구 동호로 198(신당동),02-2238-8490,37.5557692908039,127.010199113797
신림서부점 기아오토큐,서울특별시 관악구 조원로 85(신림동),02-837-8208,37.4845708237082,126.911691223972
신림점 기아오토큐,서울특별시 관악구 남부순환로 1553  신림동,02-839-6677,37.4837294453736,126.923139599546
신월남부점 기아오토큐,서울특별시 양천구 신월로 216(신월동),02-2694-1232,37.5212498699886,126.846143808549
신월점 기아오토큐,서울특별시 양천구 남부순환로 420(신월동),02-2608-8588,37.5302221899383,126.831781997386
신정남부점 기아오토큐,서울특별시 양천구 신목로 41(신정동),02-2649-7778,37.5190633888026,126.872865934633
쌍문점 기아오토큐,서울특별시 도봉구 우이천로 294-1 (쌍문동),02-995-2523,37.6441939540215,127.029914522604
안암점 기아오토큐,서울특별시 성북구 안암로 33 (안암동4가 29-1) 안암동4가,02-913-9999,37.5805446665767,127.026152497907
양재서비스 기아오토큐(주),서울특별시 서초구 남부순환로342길 94 (양재동),02-564-2500,37.4764227692908,127.028001687538
역삼점 기아오토큐,서울특별시 강남구 언주로104길 15 (역삼동),02-561-8285,37.5074570356898,127.041566717595
역촌점,서울특별시 은평구 진흥로 41(역촌동),02-356-3096,37.6009910396309,126.919669307734
영등포서비스 기아오토큐(주),서울시 영등포구 양평로28길 1 (양평동6가 1),02-2678-9100,37.5400975194723,126.889996908509
오류점 기아오토큐,서울특별시 구로구 경인로 22(오류동),02-2683-1626,37.4893533227119,126.825220559378
옥수점 기아오토큐,서울특별시 성동구 독서당로 214 (옥수동),02-2299-7218,37.5434877727742,127.01456297107
용강점 기아오토큐,서울특별시 마포구  토정로 252,02-703-9118,37.5432283824035,126.938303206822
월곡점 기아오토큐,서울 성북구 화랑로 180(상월곡동),02-969-8572,37.6071933924778,127.050543785581
이촌점 기아오토큐,서울특별시 용산구 이촌로2길 25(이촌동),02-717-0242,37.529945799377,126.953809544299
자양점 기아오토큐,서울특별시 광진구 자양로 46,02-3436-8585,37.5322036162944,127.085968300289
잠실점 기아오토큐,서울특별시 송파구 도곡로62길 5 (잠실동),02-412-0290,37.5042620319791,127.077148464295
장안점 기아오토큐,서울특별시 동대문구 사가정로 254  장안동,02-2214-8582,37.5788982035076,127.073361703226
전농점 기아오토큐,서울특별시 동대문구 전농로29길 93-12  전농동,02-2242-8573,37.5791161241681,127.056362090659
정릉점 기아오토큐,서울특별시 성북구 솔샘로 41  정릉동,02-918-2200,37.6113137908843,127.005047680877
중계점 기아오토큐,서울특별시 노원구 덕릉로77길 6  중계동,02-933-0004,37.655043157103,127.073904356143
중곡북부점 기아오토큐,"서울특별시 광진구 면목로 194, (중곡동 554-5) (중곡동)",02-491-5333,37.5704688227734,127.083455390252
중곡점 기아오토큐,"서울특별시 광진구 긴고랑로 79, 서울특별시 광진구 긴고랑로 81 (중곡동)",02-453-0915,37.5612041661408,127.084702394418
청량리점 기아오토큐,서울특별시 동대문구 제기로 147 (청량리동 38-2 외2필지),02-2213-1421,37.5863573071898,127.049557698997
하계점 기아오토큐,서울특별시 노원구 공릉로62길 25  하계동,02-979-8581,37.6364006804938,127.071934590512
한독자동차㈜,서울 도봉구 창5동 749-16,02-905-8585,37.6594302937513,127.041778345535
현대강남서비스(주),"서울특별시 서초구 마방로 26, 현대강남서비스(양재동)",02-575-1900,37.4745412769967,127.040978364069
화곡북부점 기아오토큐,서울특별시 강서구 까치산로 167(화곡동),02-2695-1651,37.5523066845094,126.852776621171
화곡서부점 기아오토큐,"서울특별시 강서구 강서로17길 150, 360-8, 360-28, 360-18 (화곡동)",02-2608-1700,37.531851317359,126.837661039809
화곡점 기아오토큐,서울특별시 강서구 국회대로7길 149 (화곡동),02-2695-5700,37.5290133854965,126.852528946531
북강릉서비스 기아오토큐(주),강원 강릉시 율곡로 3081,033-647-7233,37.7762297620621,128.886484765273
문막점 기아오토큐,강원 원주시 문막읍 건등리 194-4,033-735-9997,37.3197963740039,127.831888670974
동춘천서비스 기아오토큐,강원 춘천시 후평동 243-1,033-254-2604,37.8887288643367,127.749854114984
연봉점 기아오토큐,강원 홍천군 홍천읍 연봉리 202-28,033-434-2754,37.68321760838657,127.87353210945241
교1동점 기아오토큐,강원도 강릉시 강릉대로 127-1  교동,033-644-8272,37.7564164967257,128.884410915645
입암점 기아오토큐,강원도 강릉시 입암로 8  입암동,033-642-8241,37.7478108184592,128.911233960388
고성서비스 기아오토큐,강원도 고성군 죽왕면 선유담길 68,033-631-7001,38.3595900427642,128.503614294171
천곡점 기아오토큐,강원도 동해시 동굴2길 1(천곡동),033-533-8572,37.5181783811069,129.11173411886
항도공업사,강원도 동해시 동해대로 5026(효가동),033-521-8585,37.4943120239148,129.112015545265
삼척서비스 기아오토큐,강원도 삼척시 동해대로 4303(갈천동),033-573-5191,37.4569277581274,129.163417093927
교동점 기아오토큐,강원도 속초시 도리원길 118  교동,033-637-6114,38.1957324177325,128.571582590667
속초서비스 기아오토큐,"강원도 속초시 동해대로 4179, 속초서비스(조양동)",033-633-4972,38.1924381140139,128.578377749817
양양서비스 기아오토큐,강원도 양양군 양양읍 안산1길 79,033-673-5511,38.0704674709877,128.627377444072
영월점 기아오토큐,강원도 영월군 영월읍 영월로 1846,033-375-8585,37.1864307251019,128.456858336654
단구점 기아오토큐,강원도 원주시 단구로 339  단구동,033-764-8584,37.3257751717738,127.959078917811
서원주서비스 기아오토큐,강원도 원주시 호저면 우무개로 393 (만종리),033-743-9765,37.3620714799266,127.915507313977
인제점 기아오토큐,강원도 인제군 인제읍 인제로178번길 48-3  ,033-462-7447,38.0643228580841,128.173217702836
동송점 기아오토큐,강원도 철원군 동송읍 금학로 133  ,033-455-7373,38.2009882999505,127.221604869586
소양기공사,강원도 춘천시 공지로 488(근화동),033-254-4102,37.8760959355114,127.715164459045
남춘천서비스 기아오토큐(주),강원도 춘천시 동내면 동내로 57 (신촌리 570-1),033-264-8333,37.8491139672561,127.759329337504
퇴계점 기아오토큐,"강원도 춘천시 백석골길 8-6 , 798 퇴계동",033-242-6816,37.85700457377026,127.72142168063965
근화점 기아오토큐,강원도 춘천시 영서로 2468(근화동),033-255-5916,37.8786883027093,127.712485232453
(합)공신기업,"강원도 춘천시 춘천로 427  후평동, KIA MOTORS (합)공신기업",033-255-5757,37.8917129141772,127.752480236283
황지점 기아오토큐,강원도 태백시 서학로 1100  황지동,033-553-0608,37.1541796177559,128.985104006457
태백서비스 기아오토큐,강원도 태백시 외솔배기길 64(화전동),033-552-8250,37.1791795706108,128.974973569495
봉평점 기아오토큐,강원도 평창군 봉평면 기풍로 121-13  ,033-335-0210,37.6129184122533,128.376915420438
둔내점 기아오토큐,강원도 횡성군 둔내면 둔내로 19  ,033-342-5766,37.5123442116415,128.212782107785
횡성점 기아오토큐,강원도 횡성군 횡성읍 태기로 82  ,033-345-7100,37.4916735250414,127.992601918576
포남점 기아오토큐,강원특별자치도 강릉시 강릉대로 391 (포남동),033-653-3370,37.7695776127323,128.908190154994
동강릉서비스 기아오토큐,강원특별자치도 강릉시 월대산로103번길 52 (두산동),033-652-4188,37.7644664671204,128.923476416706
이도점 기아오토큐,"강원특별자치도 동해시 동해대로 4854, 이도점기아오토큐 (이도동)",033-521-8572,37.4792683060115,129.113395748507
정상점 기아오토큐,강원특별자치도 삼척시 동해대로 4102 (정상동),033-575-8282,37.4470436592917,129.178956462771
원주서비스센터,"강원특별자치도 원주시 로아노크로 30, 기아(주) 원주서비스센터 (무실동)",033-743-8585,37.3418979196983,127.925884184355
동원주서비스 기아오토큐,강원특별자치도 원주시 소초면 치악로 2385,033-731-1391,37.3876305694601,127.978013247982
남원주서비스 기아오토큐,강원특별자치도 원주시 판부면 건너말길 7,033-761-5200,37.3168261595136,127.938177156055
평창서비스 기아오토큐,"강원특별자치도 평창군 용평면 경강로 1828-2, 평창서비스 기아오토큐",033-334-2525,37.5988246960747,128.423931749293
홍천서비스 기아오토큐(주),강원특별자치도 홍천군 북방면 송학정로 36-13,033-435-1925,37.68269038343,127.859997855953
상동점 기아오토큐(주),"경기 부천시 원미구 부일로 271(상동, 1층)",032-611-2133,37.4884607469394,126.760276553539
분당서비스 기아오토큐(주),경기 성남시 분당구 서현동 231-16,031-702-4040,37.3840579614269,127.133023071885
이매점 기아오토큐,"경기 성남시 분당구 이매동 94-1,9,10,11,12",031-703-5425,37.39763633931865,127.12906281311258
중앙자동차공업사,경기 성남시 수정구 산성동 2129,031-731-8877,37.4524429042525,127.149940234961
(주)동양공업사,경기 성남시 중원구 상대원동 358-2,031-733-8585,37.4341357936029,127.179692816931
(주)하대원점 기아오토큐,경기 성남시 중원구 하대원동 118-7,031-755-8703,37.428662812295,127.141668825551
시화서비스 기아오토큐(주),경기 시흥시 마유로 238번길 14,031-434-8585,37.3381918206863,126.729653745075
정왕북부점 기아오토큐,경기 시흥시 정왕동 1853-3,031-431-2510,37.3528802688191,126.721380549344
원곡점 기아오토큐,경기 안산시 단원구 원선로 1(원곡동),031-493-8957,37.3256223587516,126.79516017436
동안산서비스 기아오토큐(주),경기 안산시 상록구 오목로 171,031-409-4433,37.2916110578133,126.876600153578
평촌서비스 기아오토큐(주),경기 안양시 동안구 시민대로393번길 21 (관양동853),031-423-8585,37.397442019725,126.973329641634
만안서비스 기아오토큐(주),경기 안양시 만안구 안양동 535-20,031-446-8585,37.3897031109467,126.933313458661
상하점 기아오토큐,경기 용인시 기흥구 상하동 135-2,031-282-8588,37.2551839830444,127.143693815417
㈜이천써비스,경기 이천시 대월면 사동리 14-5,031-637-0062,37.2398457970973,127.500799858961
가평점 기아오토큐,경기도 가평군 가평읍 가화로 255(가평읍 승안리 11-36),031-581-5515,37.8407377141137,127.506019168188
청평점 기아오토큐(주),경기도 가평군 청평면 경춘로 789-1,031-584-2035,37.7367006585327,127.415720390447
덕은점 기아오토큐,경기도 고양시 덕양구 덕은로 41(덕은동),02-3159-7300,37.586278996166,126.876537441123
삼송점 기아오토큐,경기도 고양시 덕양구 삼송로 140(삼송동),02-381-5777,37.6521830009889,126.889557662412
㈜오토킹,경기도 고양시 덕양구 충장로 208(화정동),031-978-0088,37.6306942337952,126.83723703731
고양점 기아오토큐,경기도 고양시 덕양구 혜음로 17-9(고양동),031-962-8538,37.7021504269045,126.901195106365
주교점 기아오토큐,경기도 고양시 덕양구 호국로716번길 10(성사동),031-966-7657,37.6508827055644,126.83256666967
백석점 기아오토큐,경기도 고양시 일산동구 강촌로12번길 7-3(백석동),031-904-4972,37.6455153051859,126.778184055036
일산서비스 기아오토큐,경기도 고양시 일산동구 고봉로 466(성석동),031-901-0999,37.6996688709449,126.782007962587
21세기기아자동차회사(주),경기도 고양시 일산동구 고양대로 900-28 (풍동),031-903-9955,37.6770769999096,126.794919655746
일산점 기아오토큐,경기도 고양시 일산동구 일산로372번길 30-2(정발산동),031-901-8505,37.6687093892409,126.78359821561
일산중부점 기아오토큐,경기도 고양시 일산동구 일산로428번길 31(정발산동),031-917-3399,37.6739639989484,126.780195404663
일산북부점 기아오토큐,경기도 고양시 일산서구 고봉로 321(일산동),031-976-8255,37.6879020080022,126.777021975879
킨텍스점 기아오토큐,경기도 고양시 일산서구 대산로211번길 3(대화동),031-917-8086,37.677950963358,126.755068741456
대화점 기아오토큐,경기도 고양시 일산서구 대화로398번길 7-15(대화동),031-917-8522,37.6822049632666,126.753229232062
고양서비스 기아오토큐(주),경기도 고양시 일산서구 덕이로 48 (덕이동),031-918-8585,37.6902807331242,126.754551328399
과천점 기아오토큐,경기도 과천시 중앙로 388  과천동,02-503-6824,37.4481978198529,126.998087052705
광명IC점 기아오토큐,경기도 광명시 광명로 351,02-2619-2929,37.4321701426492,126.846801093012
광명점 기아오토큐,경기도 광명시 광명로812번길 37  광명동,02-2684-8285,37.4685212307292,126.851024688913
이화카독크,경기도 광명시 구름산로 33  하안동,02-897-3431,37.4584940699762,126.877031864339
철산점(주),경기도 광명시 시청로 152(철산동),02-2686-5671,37.4879257749948,126.869675949253
소하북부점 기아오토큐,경기도 광명시 신촌로5번길 9 (소하동),02-805-8285,37.4478826678595,126.888576928255
KTX광명역점 기아오토큐,경기도 광명시 오리로 127  일직동,02-899-1121,37.4145661134245,126.878389097419
광주점 기아오토큐(주),경기도 광주시 경안로 149 (경안동),031-768-5630,37.4100285813245,127.248017585835
태전점,"경기도 광주시 고불로 6, . (중대동)",031-769-9800,37.3958146880527,127.233894028283
오포종합서비스기아오토큐 주식회사,경기도 광주시 오포읍 오포로 184,031-714-4440,37.3480803388869,127.184180409564
곤지암점 기아오토큐,경기도 광주시 초월읍 경충대로 995-5 ( 쌍동리 14-2 ),031-764-1959,37.3682770310952,127.304792067706
(주)상상초월,"경기도 광주시 초월읍 현산로 18, 22",031-765-4972,37.4349730806744,126.878050332054
경기광주서비스 기아오토큐(주),경기도 광주시 회안대로 40 (매산동),031-765-6100,37.3589751845093,127.246371922579
구리서비스 기아오토큐,경기도 구리시 동구릉로200번길 34 (인창동),031-553-4576,37.6170800611202,127.140462801689
인창점 기아오토큐,"경기도 구리시 동구릉로30번길 3, 인창점(인창동)",031-557-2723,37.6033301311656,127.132706448465
수택점 기아오토큐,"경기도 구리시 이문안로 87  수택동, 기아큐서비스",031-555-5989,37.5921501175538,127.141231860575
산본서비스 기아오토큐(주),경기도 군포시 고산로 126(당정동),031-429-8585,37.3498862772583,126.957140999517
산본점 기아오토큐,경기도 군포시 고산로 708 (산본동),031-456-3813,37.3723980333663,126.936575268598
당동점 기아오토큐,경기도 군포시 금당로 25  당동,031-455-6794,37.3503319716759,126.940572994716
고촌점 기아오토큐,경기도 김포시 고촌읍 은행영사정로23,031-983-8583,37.6017307616919,126.772793511389
장기점 기아오토큐,경기도 김포시 김포한강2로24번길 114  장기동,031-982-8383,37.6472097464709,126.675286518753
대곶점 기아오토큐,경기도 김포시 대곶면 율마로 60,031-981-8575,37.6567730162256,126.594403723566
김포서비스 기아오토큐(주),경기도 김포시 양촌읍 석모로5번길 16,031-997-7833,37.6509493106414,126.64939721713
사우점 기아오토큐(주),경기도 김포시 중구로 3(북변동),031-983-8285,37.622379537893,126.709958399989
감정점 기아오토큐,경기도 김포시 중봉로25번길 14  감정동,031-988-5189,37.6244066780724,126.69607505781
통진점 기아오토큐,경기도 김포시 통진읍 월하로 566  ,031-984-3504,37.7116664553768,126.618173335354
한강자동차정비(주),경기도 김포시 통진읍 흥신로 252  ,031-986-0101,37.6794423992309,126.611465486952
남양주자동차(주),"경기도 남양주시 금곡로 9  금곡동, 남양주자동차",031-559-8600,37.6336535403502,127.203916852763
다산점 기아오토큐,경기도 남양주시 다산중앙로172번길 48 (다산동),031-555-6530,37.6282268187077,127.157500887248
별내점 기아오토큐,경기도 남양주시 덕송1로55번길 22 (별내동),031-574-2580,37.6676496590967,127.117383396848
별내서비스 기아오토큐(주),"경기도 남양주시 별내면 청학로 79, (청학리 513-1)",031-842-2301,37.7071713832288,127.118005916138
오남점 기아오토큐,경기도 남양주시 오남읍 진건오남로 836,031-527-8282,37.7007695828577,127.200796720197
(주)덕소모터스,경기도 남양주시 와부읍 수레로 52,031-577-7110,37.5885178392075,127.217642663229
덕소점 기아오토큐,경기도 남양주시 와부읍 수레로 77  ,031-577-0025,37.5907730092504,127.218038503267
평내호평점 기아오토큐,경기도 남양주시 의안로 129-21(평내동),031-595-3400,37.6432050048421,127.237148572341
(주)경기자동차,경기도 남양주시 진접읍 금강로 1943-11,031-528-0770,37.7549129441214,127.21670221004
진접점 기아오토큐,"경기도 남양주시 진접읍 장현천로10번길 17-6 (진접읍 장현리 340-2,341-11,10)",031-528-5598,37.7192500703665,127.186017809185
퇴계원점 기아오토큐(주),경기도 남양주시 퇴계원면 경춘북로613번길 101 (퇴계원면),031-572-8506,37.6575181671038,127.145855165735
금곡점 기아오토큐,경기도 남양주시 홍유릉로 291 (금곡동),031-592-0034,37.6283142384567,127.201279749774
화도점 기아오토큐,"경기도 남양주시 화도읍 경춘로 1667, (묵현리)",031-592-8583,37.6548573191127,127.276383640078
마석서비스 주식회사,경기도 남양주시 화도읍 경춘로 2050,031-592-8586,37.6516783021884,127.315258920473
상패점 기아오토큐,경기도 동두천시 어수로 43,031-865-3311,37.9037280677619,127.047584821495
지행점 기아오토큐,경기도 동두천시 평화로 2240  지행동,031-863-8582,37.8877114244175,127.057284602399
동두천서비스 기아오토큐,경기도 동두천시 평화로 2855 (상봉암동),031-868-3342,37.9424973866272,127.057991829555
작동점 기아오토큐,경기도 부천시 성오로 18-1 (작동),032-682-4521,37.5163397703665,126.804476420567
역곡점 기아오토큐,경기도 부천시 소사구 경인로 435 (괴안동 1-25 ),032-342-1101,37.4822877195156,126.804304804607
소사점 기아오토큐,경기도 부천시 소사구 소사동로 107 (소사택지사업지구) 괴안동,032-341-8200,37.4749531022885,126.80602208004
부천서비스 기아오토큐(주),"경기도 부천시 신흥로413번길 18, 부천서비스기아오토큐주식회사(삼정동)",032-679-8582,37.5209523470955,126.774540137465
중동점 기아오토큐(주),경기도 부천시 원미구 부일로 380  중동,032-668-2758,37.4870548084376,126.772203132005
(주)오토맥스,경기도 부천시 원미구 부천로 190  춘의동,032-656-8030,37.5008508028886,126.78697079142
약대점 기아오토큐(주),경기도 부천시 중동로 362 (약대동),032-684-7275,37.511884343194,126.770165619418
구미점 기아오토큐,경기도 성남시 분당구 금곡로11번길 16  구미동,031-712-8263,37.3451899762364,127.11049345636
판교점 기아오토큐,경기도 성남시 분당구 대왕판교로385번길 18  백현동,031-705-6585,37.3782247147972,127.099923611873
정자남부점 기아오토큐,경기도 성남시 분당구 불정로65번길 5  정자동,031-717-7320,37.3606153382902,127.111612810154
삼평점 기아오토큐(주),"경기도 성남시 분당구 판교로227번길 6, 101~104호 (삼평동)",031-702-8521,37.40319312207054,127.09896714304953
단대점 기아오토큐,경기도 성남시 수정구 논골로25 (단대동 59-3),031-753-8523,37.4562918860982,127.159878630174
대림자동차정비서비스(유),"경기도 성남시 수정구 사송로77번길 72, 70 (사송동)",031-723-8203,37.408965481701024,127.11446844204745
고등점 기아오토큐,경기도 성남시 수정구 설개로 7,031-723-8204,37.4218009765285,127.106025707384
성남점 기아오토큐,"경기도 성남시 수정구 탄리로52번길 4-16, 외1필지(5980번지) (신흥동)",031-755-0836,37.4402073637155,127.137298974023
호매실점 기아오토큐,경기도 수원시 권선구  칠보로 200 (호매실동 1374번지),031-292-8582,37.2668077203104,126.961495809716
세류점 기아오토큐,경기도 수원시 권선구 덕영대로 1077 (세류동),031-239-0777,37.254863726958,127.010285784219
서수원서비스 기아오토큐(주),경기도 수원시 권선구 매송고색로 779(고색동),031-296-7100,37.2534470863489,126.989489306438
권선점 기아오토큐,경기도 수원시 권선구 세권로 217 (권선동),031-239-8272,37.2548930331688,127.027987907979
(주)광교종합서비스,경기도 수원시 영통구  월드컵로150번길 42 (원천동 572번지),031-214-8521,37.2787491740876,127.050371260718
㈜밀코 동수원서비스,경기도 수원시 영통구 매영로 142(매탄동),031-211-8101,37.266062312294,127.057917551272
㈜수원중앙서비스기아오토큐,경기도 수원시 영통구 신원로 271,031-216-2900,37.2598340409361,127.060612316594
신동점 기아오토큐,경기도 수원시 영통구 영통로200번길 51 (영통동),031-206-8572,37.2445304964407,127.059438502747
파장점 기아오토큐,"경기도 수원시 장안구 경수대로 1101  파장동, 기아써비스",031-246-8585,37.3100885089616,126.991909093514
성대점 기아오토큐,"경기도 수원시 장안구 일월로66번길 2, 370-2,426-6,364-7,364-8 (천천동)",031-292-6800,37.2886241958671,126.97784245912
화서점 기아오토큐,경기도 수원시 장안구 장안로 86-1,031-253-8825,37.2919268338897,127.00260797808
천천점 기아오토큐,"경기도 수원시 장안구 하률로56번길 15  천천동, 기아모터스",031-269-5555,37.3029546836505,126.98003705965
시흥시청점 기아오토큐,"경기도 시흥시 능곡군자1길 55, . (군자동)",031-311-0541,37.3663623297369,126.806825331834
대야점 기아오토큐,경기도 시흥시 대은로103번길 11  대야동,031-312-8297,37.4463415669842,126.798413535078
신천점 기아오토큐,경기도 시흥시 두문로 76 (신천동),031-311-5104,37.4340297159762,126.786986199498
정왕점 기아오토큐,"경기도 시흥시 봉우재로 15, 101 정왕동 (정왕동)",031-434-8582,37.3448349135909,126.74307561731
목감점 기아오토큐,경기도 시흥시 솔고개길 36-5 (목감동),031-485-8285,37.3853056220675,126.862343995662
스마트서비스 기아오토큐,경기도 시흥시 시화벤처로 360,031-484-8585,37.3147344207261,126.715665485292
하중점 기아오토큐,경기도 시흥시 연성로29번길 64-1  하중동,031-404-8581,37.3957249246091,126.803471115447
선부점,경기도 안산시 단원구 선부로 102 (선부동),031-486-1417,37.3412612816145,126.806515993583
성곡점 기아오토큐(주),"경기도 안산시 단원구 성곡로 176, 나동 129호(성곡동, 타원타크라지식산업센타)",031-495-8885,37.3252120486709,126.761279587081
초지점 기아오토큐,경기도 안산시 단원구 원당2길 15  초지동,031-439-1155,37.3150254314011,126.814915759374
와동점 기아오토큐,경기도 안산시 단원구 화정천동로 440 (와동),031-486-1288,37.3435494148896,126.818728420136
사동남부점 기아오토큐,경기도 안산시 상록구 석호로 203  사동,031-417-9985,37.2951487667933,126.853714259124
안산사동서비스 기아오토큐,경기도 안산시 상록구 선진로 30(사동),031-408-2031,37.2793500602766,126.846944709232
월피점 기아오토큐,경기도 안산시 상록구 안산천서로 181  월피동,031-485-5858,37.3314141835227,126.84348452763
사동점 기아오토큐,경기도 안산시 상록구 용신로 236  사동,031-416-8580,37.3031132141868,126.848423456949
안성IC점 기아오토큐,경기도 안성시 공도읍 공도로 17,031-654-1838,36.9985142202986,127.163409373384
공도점 기아오토큐,경기도 안성시 공도읍 방축안말길 9-13 (마정리),031-691-5857,37.0104700579768,127.204180431697
안성맞춤서비스 기아오토큐(주),"경기도 안성시 안성맞춤대로 1302, (금석동) (금석동)",031-676-7982,37.0281208185405,127.264826286444
기아안성서비스(주),경기도 안성시 중앙로 215 (신건지동 7),031-673-2007,37.0136145062024,127.252703947197
비산점 기아오토큐,경기도 안양시 동안구 경수대로 841  비산동,031-445-8889,37.3938113512085,126.941357767005
군포서비스 기아오토큐(주),경기도 안양시 동안구 엘에스로 95(호계동),031-459-1230,37.3705969419147,126.950258651713
안양서부점 기아오토큐,경기도 안양시 만안구 냉천로 60  안양동,031-469-7224,37.386839439502,126.926991152772
박달점 기아오토큐,경기도 안양시 만안구 박달로567번길 5  안양동,031-464-5524,37.4031082218271,126.915646654844
광적점 기아오토큐,경기도 양주시 광적면 삼일로29번길 219  ,031-877-0444,37.8280449321557,126.980615456922
옥정점 기아오토큐,경기도 양주시 독바위로 363 (옥정동),031-868-8285,37.8178736825931,127.083639900437
서양주서비스 기아오토큐(주),경기도 양주시 백석읍 부흥로 1204번길 33,031-879-4036,37.7911260559831,127.010231945899
고읍점 기아오토큐,경기도 양주시 부흥로 1838 (광사동),031-841-8880,37.7887342858723,127.070452421914
덕계점 기아오토큐,경기도 양주시 평화로 1351  덕계동,031-864-8580,37.8114610757446,127.045613144022
㈜양주자동차정비공업사,경기도 양주시 평화로 1617,031-858-4937,37.8336424209654,127.053395353701
회천점 기아오토큐,"경기도 양주시 화합로1258번길 9, . (회정동)",031-857-8280,37.8459758814929,127.053723165232
양서서비스 기아오토큐(주),"경기도 양평군 양서면 두물머리길20번길 6, 두물머리길20번길 7",031-772-9995,37.5429548475327,127.318851562785
양평점 기아오토큐,경기도 양평군 양평읍 남북로 107-8,031-772-8572,37.4924156463664,127.502078464721
양평서비스 기아오토큐,경기도 양평군 양평읍 중앙로111번길 30,031-775-8111,37.49582929558,127.503064890849
여주서비스 기아오토큐(주),경기도 여주시 세종로 327 (교동45-21),031-885-6699,37.2687689428148,127.638048110857
여주남부점 기아오토큐,경기도 여주시 여양로 48  홍문동,031-881-5151,37.290246214189,127.639768449184
전곡점 기아오토큐,경기도 연천군 전곡읍 평화로698번길 92  ,031-832-8500,38.0341687359687,127.064432061219
고현점 기아오토큐,경기도 오산시  남부대로 513 ( 고현동 188 ),031-664-6401,37.130424287378,127.090159603852
오산점 기아오토큐,경기도 오산시 경기대로 300(오산동),031-373-8585,37.1516110941593,127.0740472431
금성공업사 기아오토큐(주),경기도 오산시 내삼미로 9 (수청동),031-376-8585,37.1639160294817,127.066936094723
공세점 기아오토큐 주식회사,경기도 용인시 기흥구 공세로 134 (공세동),031-693-7272,37.2360828359174,127.108784697491
동백서비스 기아오토큐,"경기도 용인시 기흥구 동백죽전대로527번길 98-29, (중동 1112-6) (중동)",031-287-6000,37.2829685284704,127.142379473364
신갈점 기아오토큐,경기도 용인시 기흥구 신갈로 115(신갈동),031-287-0002,37.2770424288493,127.105514854174
기흥보정서비스 기아오토큐(주),경기도 용인시 기흥구 용구대로2469번길 74(보정동),031-265-8255,37.3132624229228,127.105393195327
수원서비스센터,경기도 용인시 기흥구 중부대로 27 (영덕동),031-214-8585,37.2684512311041,127.072646919314
동백점 기아오토큐,경기도 용인시 기흥구 평촌1로8번길 11-6  동백동,031-693-8581,37.2854213909669,127.152673012231
기흥점 기아오토큐,경기도 용인시 기흥구 흥덕2로 1  영덕동,031-217-1141,37.2680726252605,127.073212970498
수지서비스 기아오토큐,경기도 용인시 수지구 수지로 112(성복동),031-896-9200,37.3116912269969,127.078580297132
상현점 기아오토큐,경기도 용인시 수지구 수지로 6  상현동,031-896-1336,37.3037671993573,127.074910610279
(주)수지자동차,경기도 용인시 수지구 풍덕천로190번길 17(풍덕천동),031-262-4234,37.3249765460659,127.102245326862
대청자동차정비(주),"경기도 용인시 처인구 경안천로 214-5  고림동, 대청공업사",031-332-2346,37.2502798447559,127.218919739739
남동점 기아오토큐,경기도 용인시 처인구 백옥대로 1021(남동),031-335-1877,37.2269345404623,127.210299572657
동용인서비스 기아오토큐,경기도 용인시 처인구 양지면 양지로 91,031-338-1250,37.2340492335081,127.278291994411
양지대형서비스 기아오토큐(주),경기도 용인시 처인구 양지면 중부대로 2318,031-334-2345,37.2342475396905,127.29967731876
포곡점 기아오토큐,경기도 용인시 처인구 포곡읍 포곡로 163,031-333-8022,37.2726927182276,127.22200312258
의왕서비스센터,경기도 의왕시 경수대로 249  고천동,031-465-8585,37.3486380707463,126.972964424447
월암점 기아오토큐,경기도 의왕시 월암동 612-1,031-346-8585,37.3036033554994,126.955581609069
금오점 기아오토큐,경기도 의정부시 금오로 26-10,031-847-7810,37.7535251446175,127.068605021852
낙양점 기아오토큐,경기도 의정부시 용민로 319,031-851-2555,37.7527857291453,127.104127132258
민락점 기아오토큐,"경기도 의정부시 용민로92번길 6  용현동, 기아모터스",031-851-2290,37.7378420365444,127.088056823151
의정부서비스 기아오토큐(주),경기도 의정부시 입석로 43-10 (가능동),031-877-4973,37.7549598426322,127.020936769067
호원남부점 기아오토큐,경기도 의정부시 평화로 306 (호원동),031-875-8582,37.7191133504845,127.047734843422
호원점 기아오토큐,경기도 의정부시 호동로 42  호원동,031-855-8572,37.7298097901507,127.041510095616
동이천서비스 기아오토큐(주),경기도 이천시 갈산로 100,031-637-8333,37.2881456205933,127.464000635801
진리점 기아오토큐,경기도 이천시 경충대로 2485  진리동,031-631-8585,37.2712451960251,127.454816595807
장호원점 기아오토큐,경기도 이천시 장호원읍 샘재로 3,031-642-7775,37.1247935964033,127.615579259708
북파주서비스 기아오토큐,경기도 파주시 광탄면 혜음로 1190 (신산리 348-5),031-947-4900,37.7872091634864,126.845211492077
교하북부점 기아오토큐,경기도 파주시 당하길 31(당하동),031-945-1227,37.745963446949,126.750189176459
운정점 기아오토큐,경기도 파주시 동패샘길 255(동패동),031-941-1515,37.706433594979,126.731851863747
문산점 기아오토큐,경기도 파주시 문산읍 독산로 15,031-952-2488,37.8578457153101,126.780276968764
금촌점 기아오토큐,"경기도 파주시 쇠재1길 45, , 경기도 파주시 쇠재개울길 86 (금릉동)",031-941-9401,37.7509194811577,126.780365338773
신화모터스(주),경기도 파주시 쌀뚜기길 4-13(문발동),031-941-9112,37.72358580362,126.699951612501
파주정비서비스,경기도 파주시 월롱면 통일로 686,031-975-8585,37.7707396420452,126.791334547434
파주종합서비스기아오토큐,경기도 파주시 파주읍 성현로 6,031-952-0800,37.851997617128,126.808593758941
평택서비스 기아오토큐(주),경기도 평택시 경기대로 713 (지제동),031-654-1221,37.0130206998685,127.071589558493
비전점 기아오토큐(주),경기도 평택시 비전2로 77 (비전동),031-654-2752,37.0040967610414,127.1005369148
서정점 기아오토큐,경기도 평택시 서정남로 149  서정동,031-665-8585,37.0609138500407,127.056136892404
지산점 기아오토큐,경기도 평택시 송탄공원로 88 (지산동),031-611-7400,37.075130512645,127.059284542974
안중점㈜,경기도 평택시 안중읍 안현로서9길 109,031-681-3595,36.9813433389247,126.915930897505
어연점 기아오토큐,"경기도 평택시 청북읍 청북산단로 48-7, 어연점 기아오토큐",031-681-2345,37.0508674438609,126.975925760495
㈜대한공업사,경기도 평택시 평남로 200-11,031-652-7777,36.9939782334192,127.070985424575
포승점 기아오토큐,경기도 평택시 포승읍 포승향남로 71-1,031-684-3232,36.9845145348992,126.873643907562
포천서비스 기아오토큐(주),경기도 포천시 가산면 가산로267번길 4,031-544-5355,37.8437121561374,127.180181290645
북포천서비스 기아오토큐(주),경기도 포천시 군내면 청성로 135,031-532-8338,37.8943397079638,127.210420541089
송우점 기아오토큐,경기도 포천시 소흘읍 호국로 579,031-541-8285,37.8235018374508,127.140642300791
동포천서비스 기아오토큐,경기도 포천시 영북면 호국로 3574,031-535-8858,38.0557438058768,127.271277901385
포천점 기아오토큐,경기도 포천시 정문동길 3(어룡동),031-536-9447,37.8850495038422,127.190206200946
하남종합서비스㈜,경기도 하남시 신장동 563번지,031-796-2601,37.5414964822113,127.208496739463
미사점 기아오토큐,경기도 하남시 신평로 166 (신장동),031-792-5438,37.5469833076041,127.211424994636
덕풍점 기아오토큐,경기도 하남시 역말로24번길 39 (덕풍동),031-791-8836,37.5339932605352,127.202999950604
서하남서비스 기아오토큐,"경기도 하남시 초광산단동로 6, 경기도 하남시 초광산단동로6번길 8 (광암동)",02-428-4227,37.5282896826141,127.172678990191
남동탄서비스 기아오토큐(주),경기도 화성시 경기동로 477-5(장지동),031-373-7000,37.1528735659718,127.123727878409
남양점 기아오토큐(주),경기도 화성시 남양읍 화성로 1115,031-357-8563,37.2086429027561,126.807667109382
동탄리베라점 기아오토큐,"경기도 화성시 동탄대로14길 5-63, 경기도 화성시 동탄대로 14길 5-61 (오산동)",031-375-2612,37.1843387923571,127.105078986915
능동점 기아오토큐,경기도 화성시 동탄하나3길 8 (능동),031-613-8285,37.2132760518009,127.06291590718
봉담점 기아오토큐,경기도 화성시 봉담읍 최루백로 256  ,031-221-0773,37.2024256125313,126.964423830054
(주)화성현대서비스,경기도 화성시 송산면 송산로 84  ,031-356-6200,37.217704989328,126.729010822225
화성상용서비스(주),"경기도 화성시 양감면 암소고개로 255-18, 경기 화성시 양감면 서해로 116",031-8058-0200,37.0765588188725,126.914472691643
(주)장안모터스,경기도 화성시 장안면 장안로 300 (독정리 763-18) ,031-358-3900,37.0841298951326,126.848768808747
동탄한백점 기아오토큐,"경기도 화성시 지산2길 3-12, 3-14",031-8003-8285,37.2060885177379,127.11344148106339
향남서비스 주식회사,경기도 화성시 팔탄면 덕우공단1길 126  ,031-8059-5471,37.1560525923272,126.926530777542
㈜중앙고속,경기도 화성시 풀무골로 1,031-376-8288,37.2048935602953,127.12591238734
신향남점 기아오토큐,경기도 화성시 향남읍 행정죽전로2길 25,031-353-0570,37.1242963210887,126.925085335895
동탄서비스 기아오토큐(주),경기도 화성시 효행로 1205-9 (기산동 23-1),031-238-8585,37.21794301959,127.055179096671
병점점 기아오토큐,경기도 화성시 효행로971번길 5(진안동),031-233-8572,37.2109561887835,127.033842781285
장평점 기아오토큐,경남 거제시 거제대로 4943-3,055-635-8585,34.8891333019729,128.597348920887
동김해서비스 기아오토큐(주),경남 김해시 어방동 1067-6,055-321-4141,35.2313415329338,128.90795447553
하대점 기아오토큐(주),경남 진주시 하대동 71-18,055-757-7676,35.1847013572758,128.121410339185
중동점 기아오토큐,경남 창원시 의창구 남산로115번길73,055-283-3370,35.2592740575693,128.625341990978
남창원서비스 기아오토큐,경남 창원시 의창구 차상로150번길 46 (팔용동 14-3),055-265-5900,35.234864670852,128.637374389983
합천자동차정비공장,경남 합천군 대양면 정양리 122,055-933-2223,35.5553670610152,128.164077829795
경산서비스 기아오토큐(주),경북 경산시 압량면 대학로 511,053-811-1000,35.8530801665956,128.76586172466
산동점 기아오토큐,경북 구미시 산동면 첨단기업1로 32 (봉산리 380-6),054-471-0800,36.1404821413266,128.440701262397
상모점 기아오토큐,경북 구미시 임은동 806-10번지,054-465-1321,36.091803156043,128.359295421453
봉화점 기아오토큐,경북 봉화군 봉화읍 내성리 416-3,054-674-1500,36.8908807624814,128.733867745378
화룡점 기아오토큐,경북 영천시 천문로 493 (화룡동),054-331-1227,35.9789425987218,128.922253699425
대도점 기아오토큐,경북 포항시 남구 포스코대로 399(대도동),054-274-8272,36.0152223506722,129.366553874278
옥포점 기아오토큐,경상남도 거제시 거제대로 3796 (옥포동),055-688-2369,34.8945885041795,128.686830534971
고현점 기아오토큐,경상남도 거제시 계룡로7길 8  고현동,055-637-8583,34.8786270648057,128.622738100121
거제서비스 기아오토큐(주),경상남도 거제시 고현로 109 (고현동),055-637-2100,34.8878160011159,128.624439035696
거창점 기아오토큐,경상남도 거창군 거창읍 공수들7길 14,055-942-5561,35.6858039708789,127.900591006515
(주)남한정비,경상남도 거창군 거창읍 밤티재로 1262,055-943-7700,35.667715742811,127.931921026861
고성점 기아오토큐,경상남도 고성군 고성읍 남해안대로 2562  ,055-673-8285,34.9722355084505,128.335579198986
동상점 기아오토큐,경상남도 김해시 가야로 491 (동상동),055-325-8515,35.2381463611172,128.888134142024
외동점 기아오토큐,"경상남도 김해시 금관대로 1184 외 1필지 외동, 기아AUTO외동점",055-326-8797,35.2327805776674,128.852678754393
지내점 기아오토큐(주),경상남도 김해시 김해대로 2719 (지내동),055-311-9300,35.227846176337,128.923933404726
율하점 기아오토큐,경상남도 김해시 율하3로7번길 48  율하동,055-323-1242,35.1694307080785,128.810883026655
장유점 기아오토큐,"경상남도 김해시 장유로301번길 22-8  무계동, 기아큐서비스",055-313-8285,35.2013953635095,128.815560242731
서김해서비스 기아오토큐,경상남도 김해시 주촌면 서부로1499번길 10 (주촌면),055-337-8572,35.2319507319483,128.819048802428
진영점 기아오토큐,경상남도 김해시 진영읍 진영로 324,055-345-5393,35.3014792080374,128.748462919564
남해점 기아오토큐,경상남도 남해군 남해읍 남해대로 2879 (차산리 764-8.10),055-863-3989,34.8450133301152,127.897408569091
삼문점 기아오토큐,경상남도 밀양시 삼문중앙로4길 8  삼문동,055-356-8261,35.4833563164612,128.754279382229
향촌점 기아오토큐,"경상남도 사천시 남일로 135  향촌동, 기아오토큐향촌점",055-832-2741,34.931596757276,128.091437717292
사천점 기아오토큐,경상남도 사천시 사천읍 수양로 79,055-853-8585,35.0864791548321,128.091855695094
삼천포종합정비㈜,"경상남도 사천시 삼천포대교로 577  좌룡동, 자동차관련시설",055-833-7610,34.9491927838721,128.077580950672
산청1급정비공업사,경상남도 산청군 산청읍 친환경로2720번길 91  현대자동차서비스센타,055-973-7676,35.4145449719696,127.886505313426
북정점 기아오토큐,경상남도 양산시 공단로 57 (북정동 916-3) 북정동,055-367-4337,35.3553491530497,129.040784442045
양산서비스 기아오토큐,경상남도 양산시 대동로 22 (어곡동),055-912-5566,35.3761235009267,129.024380166072
신물금점 기아오토큐,경상남도 양산시 물금읍 백호2길 101-12,055-367-7117,35.3207212008147,128.998102267674
동양산서비스 기아오토큐(주),경상남도 양산시 외산길 21-14 (덕계동),055-388-8282,35.3735766713264,129.155728466697
명동점 기아오토큐,"경상남도 양산시 웅상대로 1135, 명동점 기아오토큐 (명동)",055-366-8285,35.3998130763779,129.162570473486
남부점 기아오토큐,경상남도 양산시 중앙우회로 27(남부동),055-387-8585,35.3400478572774,129.039931189112
칠암점 기아오토큐,경상남도 진주시 강남로167번길 10-1  칠암동,055-759-2185,35.183026495517,128.094443598487
안전종합정비㈜,경상남도 진주시 공단로 174 (상평동),055-757-2029,35.1753081683157,128.118656479345
동방자동차정비공업사,경상남도 진주시 돗골로58번길7 (상평동),055-757-2626,35.1733752724548,128.113410301733
이현점 기아오토큐,경상남도 진주시 신안로163번길 3  이현동,055-743-8588,35.1913875101276,128.066481244421
동진주서비스 기아오토큐,경상남도 진주시 큰들로 34 (상평동),055-757-6666,35.1706976585378,128.106815135695
창녕점 기아오토큐,경상남도 창녕군 창녕읍 창녕대로 100,055-532-8519,35.5360957877953,128.496471278226
해운점 기아오토큐,경상남도 창원시 마산합포구 월영동11길 11(해운동),055-222-8251,35.180849081298,128.565000993716
회원점 기아오토큐,경상남도 창원시 마산회원구 3·15대로 566 (회원동 166-2) 회원동,055-224-1170,35.2246750164142,128.573099005349
내서점 기아오토큐,"경상남도 창원시 마산회원구 내서읍 중리공단로 110 1279,1280-1 기아모터스",055-232-8523,35.24073436564607,128.5099827940781
양덕점 기아오토큐,경상남도 창원시 마산회원구 합포로 295 ( 양덕동 150-6 ) 양덕동,055-292-0450,35.2237348136875,128.586874164056
사파점 기아오토큐,경상남도 창원시 성산구 비음로4번길 37-10 (사파동 9) 사파동,055-281-3293,35.2260198653951,128.699599206048
상남점 기아오토큐,경상남도 창원시 성산구 상남로58번길 9  상남동,055-288-9201,35.2188820783169,128.680240243278
창원서비스센터,경상남도 창원시 성산구 창원대로 504(대원동),055-273-8585,35.2279001003343,128.649750049833
의창서비스 기아오토큐(주),경상남도 창원시 의창구 무역로 563 (팔용동),055-601-0501,35.2283740048991,128.639082019863
사림점 기아오토큐,경상남도 창원시 의창구 사림로 51 ( 사림동 105-19 ) 사림동,055-261-0202,35.2473307057453,128.67820368553
팔용점 기아오토큐,경상남도 창원시 의창구 사화로10번길 26 (팔용동 150-10) 팔용동,055-296-1604,35.2554827360278,128.607118645031
경남진해서비스 기아오토큐,경상남도 창원시 진해구 진해대로1114번길 15(장천동),055-547-1970,35.1296996543725,128.709143947422
풍호점 기아오토큐,경상남도 창원시 진해구 충장로 525 (풍호동 750-38) 풍호동,055-545-4973,35.1424963382024,128.701430103205
광도점 기아오토큐,경상남도 통영시 광도면 남해안대로 1045,055-648-7474,34.8864624703166,128.414802173588
통영서비스 기아오토큐,경상남도 통영시 광도면 죽림2로 14-36,055-648-2626,34.8792335677333,128.413499358048
하동점 기아오토큐,경상남도 하동군 하동읍 화심길 23  KIA MOTORS 큐서비스,055-884-0884,35.0819104185688,127.73820930471
가야점 기아오토큐,경상남도 함안군 가야읍 말산로 104,055-585-8001,35.2745586058452,128.417808153217
산서점 기아오토큐,경상남도 함안군 가야읍 함안대로 780,055-583-2800,35.2954328556719,128.399200126724
함안서비스 기아오토큐(주),경상남도 함안군 군북면 월촌로 232,055-582-9712,35.3001557924725,128.29678665978
칠원점 기아오토큐,경상남도 함안군 칠원읍 경남대로 1496,055-587-0506,35.273724580345,128.532400784726
함양점 기아오토큐,경상남도 함양군 함양읍 함양로 1272,055-964-0310,35.5304267485991,127.734085265719
합천점 기아오토큐,경상남도 합천군 합천읍 옥산로 134,055-932-8484,35.5670558035986,128.169595439231
중앙점 기아오토큐,경상북도 경산시 경안로 168(중방동),053-811-8572,35.8225777604326,128.738107704066
중방점 기아오토큐,경상북도 경산시 중방로 58  중방동,053-812-8572,35.8297842605855,128.740529457502
진량점 기아오토큐,경상북도 경산시 진량읍 낙산1길 52-2 (신상리 1220-2),053-852-8252,35.876645404052,128.81777577946
성건점 기아오토큐,경상북도 경주시 북문로 8  성건동,054-774-8285,35.8496826636683,129.203285315093
외동점 기아오토큐,경상북도 경주시 외동읍 산업로 2213 (입실리 1344-74),054-776-9271,35.709637587158,129.323079554387
황성점 기아오토큐,경상북도 경주시 용담로 24-41  황성동,054-773-2500,35.861001550195,129.220253539846
동천점 기아오토큐,경상북도 경주시 탈해로52번길 18  동천동,054-775-8572,35.8491698210536,129.23035274355
(주)구미자동차정비공장,경상북도 구미시 선기로3길 44 (남통동),054-457-5858,36.1277483238981,128.316730978946
원평점 기아오토큐,경상북도 구미시 송원서로2길 65  원평동,054-451-3544,36.1221620519539,128.350025052433
남구미서비스 기아오토큐(주),경상북도 구미시 왕산로5길 7 (임은동),054-462-8500,36.0872350737053,128.367635452175
인동점 기아오토큐,"경상북도 구미시 인동남길 94, 96 (진평동)",054-475-4754,36.09812407098569,128.42627932902556
지산점 기아오토큐,경상북도 구미시 지산1길 39  지산동,054-465-8572,36.1316084072369,128.342457564598
덕곡점 기아오토큐,"경상북도 김천시 무실1길 14, (덕곡동) (덕곡동)",054-436-7788,36.1151765790656,128.154097265314
김천자동차,경상북도 김천시 양금로 206  황금동,054-439-3638,36.112144060795,128.1234227373
백옥점 기아오토큐,경상북도 김천시 영남대로 1342  백옥동,054-430-4596,36.1246052572732,128.082963593534
문경자동차(합),경상북도 문경시 영신로 89  점촌동,054-553-6000,36.5930968946716,128.209220965755
점촌점 기아오토큐,경상북도 문경시 중앙10길 10  점촌동,054-556-5109,36.5983571375167,128.202928584473
신봉점 기아오토큐,경상북도 상주시 경상대로 2743  신봉동,054-536-0145,36.3925463158575,128.152267810527
성주점 기아오토큐,경상북도 성주군 성주읍 성밖숲길 154,054-931-7100,35.9174755995778,128.291910812837
용상점 기아오토큐,경상북도 안동시 경동로 1091 (용상동 470) 용상동,054-823-1811,36.5505683965727,128.772628190647
안동종합서비스 기아오토큐㈜,"경상북도 안동시 경북대로 770, 안동종합서비스 기아오토큐 주식회사 (이천동)",054-841-0001,36.5969288310251,128.701509587694
옥동점 기아오토큐,경상북도 안동시 옥동3길 51  옥동,054-841-9700,36.5615931208474,128.703081382383
(주)화성자동차정비,경상북도 영덕군 영덕읍 영덕로 299,054-733-3366,36.4204893097179,129.37428685704
영주점 기아오토큐,경상북도 영주시 신재로 21 (신재로 21) 가흥동,054-635-5710,36.8308767968764,128.61047701765
울릉서비스 기아오토큐,경상북도 울릉군 울릉읍 무릉길 205,054-791-0014,37.4811813273966,130.896916854652
죽변점 기아오토큐,경상북도 울진군 죽변면 죽변북로 123,054-783-5194,37.0654900003029,129.411860757661
의성점 기아오토큐,"경상북도 의성군 의성읍 경북대로 5804, 기아오토큐 의성점",054-834-8582,36.3588961348417,128.68574218144
1급진보정비공장,경상북도 청송군 진보면 영양로 34-35  ,054-874-5300,36.54198651571,129.08165684449
진보점 기아오토큐,경상북도 청송군 진보면 진보로 70  ,054-874-8285,36.5304197898667,129.039504664774
석적점 기아오토큐,경상북도 칠곡군 석적읍 석적로 919,054-974-7585,36.0723487001962,128.394119423341
왜관점 기아오토큐,경상북도 칠곡군 왜관읍 전원4길 19  ,054-972-4371,35.9811398774233,128.400815822949
청림점 기아오토큐,경상북도 포항시 남구 동해안로 6051  청림동,054-291-9077,35.9948483085798,129.403286536574
오천점 기아오토큐,경상북도 포항시 남구 오천읍 철강로 795,054-292-1163,35.9616418029635,129.413516767808
이동점 기아오토큐,경상북도 포항시 남구 포스코대로 100  이동,054-277-8285,36.0249937831844,129.336598490215
대잠점 기아오토큐,경상북도 포항시 남구 희망대로 719,054-282-2833,36.0097859629025,129.35200824534
학산점 기아오토큐,경상북도 포항시 북구 아호로 70  학산동,054-244-8285,36.0581829705044,129.370009438772
포항서비스센터,경상북도 포항시 북구 중앙로 185 (죽도동),054-240-8585,36.0296425174257,129.36639525211
흥해점 기아오토큐,"경상북도 포항시 북구 흥해읍 남미질로 6, .",054-262-6661,36.1046225579977,129.343749994321
북포항서비스 기아오토큐,경상북도 포항시 북구 흥해읍 삼흥로502번길 40,054-253-3651,36.1030243914652,129.371592545479
아성자동차정비공장,경상북도 포항시 북구 흥해읍 새마을로394번길 28,054-261-3700,36.0455630675098,129.319671531488
광산서비스 기아오토큐(주),"광주광역시 광산구 무진대로 278-6, 광산서비스(주) 기아오토큐 (우산동)",062-943-8584,35.1605913612942,126.810607923107
소촌점 기아오토큐,광주광역시 광산구 소촌로 52 (소촌동),062-943-8587,35.1490119791893,126.793828597902
신창점 기아오토큐,광주광역시 광산구 신창로36번길 42(신창동),062-959-8283,35.1891893668624,126.83927211061
흑석점 기아오토큐,광주광역시 광산구 용아로 428 (흑석동),062-955-1410,35.1813595681582,126.805187171397
월계점 기아오토큐(주),광주광역시 광산구 첨단중앙로124번길 16(월계동),062-973-6633,35.216310306356,126.84296342034
주월점 기아오토큐,광주광역시 남구 금화로374번안길 11 (주월동),062-383-8872,35.1401398063589,126.886787970327
진월점 기아오토큐,광주광역시 남구 서문대로 737-3(진월동),062-654-8582,35.1248177374053,126.897340459567
㈜금호오토마스터,광주광역시 남구 송암로 78(송하동),062-674-0675,35.1128236065598,126.875479026104
남광주서비스(주),광주광역시 남구 송암로24번나길 7(송하동),062-369-6000,35.1092370795053,126.881421514445
용봉점 기아오토큐,광주광역시 북구 비엔날레로 192(용봉동),062-511-4100,35.1828272745908,126.898070994769
일곡점 기아오토큐(주),광주광역시 북구 설죽로471번길 9 (삼각동),062-573-8572,35.2008160534952,126.898390590073
동광주서비스 기아오토큐(주),광주광역시 북구 오문로 228 (문흥동 81-3),062-251-8587,35.1894966612063,126.929601607577
풍향점 기아오토큐,광주광역시 북구 필문대로 105 (풍향동),062-266-8285,35.1613775878009,126.930422475725
양산점 기아오토큐,광주광역시 북구 하서로 381 (양산동),062-572-0777,35.2089554463748,126.87351035958
광주서비스센터,광주광역시 서구 죽봉대로 36 (농성동),062-371-8585,35.1558854818124,126.883630884786
쌍촌점 기아오토큐,광주광역시 서구 천변좌하로 430(유촌동),062-383-8272,35.1666531264866,126.858490407839
본리점 기아오토큐,대구 달서구 용산로 14-1,053-562-0303,35.8386937987929,128.531059826253
대명점 기아오토큐,대구광역시 남구 대명로 85(대명동),053-653-8285,35.8398418710285,128.567228642802
신당점 기아오토큐,대구광역시 달서구 달구벌대로 1204  신당동,053-583-8582,35.8514150087216,128.499093985594
남대구서비스 기아오토큐(주),대구광역시 달서구 성서공단로54길 8,053-582-5211,35.8341657946049,128.511382867335
상인점 기아오토큐,대구광역시 달서구 월곡로45길 6  상인동,053-637-3939,35.8149094330102,128.540616665589
현풍점 기아오토큐㈜,대구광역시 달성군 현풍읍 현풍동로18길 29,053-614-0085,35.7005181644359,128.452657637863
화원점 기아오토큐,대구광역시 달성군 화원읍 사문진로 361,053-636-9002,35.8076331631026,128.489256522311
신천점 기아오토큐,대구광역시 동구 국채보상로 839  신천동,053-755-1722,35.8676310275013,128.622626237299
신천동부점 기아오토큐,대구광역시 동구 동부로 61  신천동,053-741-0120,35.8753162676135,128.619230263147
신암점 기아오토큐,대구광역시 동구 동북로 312 (신암동),053-956-8285,35.8914550111451,128.623588191295
용계점 기아오토큐,대구광역시 동구 동촌로 356  용계동,053-984-8206,35.8769015385285,128.678201308071
(버스전담)(주)창신종합중기정비,대구광역시 북구 신천동로 980  산격동,053-382-5900,35.9026999014409,128.594902183927
고성점 기아오토큐(주),대구광역시 북구 옥산로 72 (고성동3가),053-359-0330,35.8845083881143,128.583464353035
태전점 기아오토큐,대구광역시 북구 태전로 52  태전동,053-312-8955,35.9250311741328,128.544081468644
동천점 기아오토큐,대구광역시 북구 팔거천동로26길 4-20  동천동,053-326-0303,35.9348037492399,128.556418595338
대구서비스센터,대구광역시 북구 팔달로 53  노원동3가,053-351-8585,35.8911279403698,128.555769359797
평리점 기아오토큐,대구광역시 서구 북비산로 231-4  평리동,053-559-1030,35.8795477518517,128.558494512829
서대구서비스기아오토큐(주),대구광역시 서구 서대구로63길 57,053-295-8585,35.8905051761056,128.554724378943
중리점 기아오토큐,대구광역시 서구 평리로 249  중리동,053-566-7999,35.8629620662603,128.550707916909
들안길상동점 기아오토큐,대구광역시 수성구  들안로 95,053-761-6556,35.8384221907882,128.616191446276
노변점 기아오토큐,"대구광역시 수성구 고산로 71 , 74-1 노변동",053-794-3883,35.8370897436848,128.703748858752
만촌점 기아오토큐,대구광역시 수성구 무열로 79 (만촌동),053-746-5777,35.8654576799981,128.649346311841
중동점 기아오토큐,대구광역시 수성구 수성로 254,053-766-8584,35.8480518267348,128.613448438211
수성서비스 기아오토큐(주),"대구광역시 수성구 신천동로 25, 대구광역시 수성구 신천동로 31 (상동)",053-768-0119,35.8273060836814,128.60855786786
가양점 기아오토큐(주),대전 동구 가양로 4,042-631-1993,36.3383933655651,127.438108317534
가장점 기아오토큐(주),대전 서구 갈마로 301(가장동),042-535-0331,36.3306514104032,127.385720128577
도안점 기아오토큐(주),대전 유성구 원신흥로100번길 3-14,042-532-8585,36.3388794134986,127.34790764523
안영점 기아오토큐(주),대전 중구 안영동 660-1,042-584-0050,36.2901194682293,127.380653053661
대전서비스센터,대전광역시 대덕구 대화로50번길 89 (대화동),042-621-8585,36.3693835687777,127.419026049189
덕암점 기아오토큐,대전광역시 대덕구 덕암로 264  덕암동,042-936-5757,36.4437682536853,127.425779921417
북대전서비스 기아오토큐,"대전광역시 대덕구 벚꽃길 106, (벚꽃길 110) (상서동)",042-931-8282,36.429708404125,127.423102448596
송촌점 기아오토큐,대전광역시 대덕구 선비마을로6번길 7-23  송촌동,042-673-3436,36.36254294673,127.447051110283
남대전서비스 기아오토큐(주),대전광역시 동구 대전로 265(대성동),042-282-1500,36.2919722473581,127.462324823195
관저점 기아오토큐(주),대전광역시 서구 구봉산북로21번길 64-9 (관저동),042-541-8001,36.2973092024599,127.3254745753
남선점 기아오토큐(주),대전광역시 서구 도산로 469,042-534-4803,36.3438234326443,127.399902950036
서대전서비스 기아오토큐(주),대전광역시 서구 도안동로12번길 26(도안동),042-545-3119,36.3062998772666,127.354254043655
갈마점 기아오토큐(주),대전광역시 서구 신갈마로 177(갈마동),042-536-8570,36.3494724923252,127.368028354996
테크노밸리점 기아오토큐(주),대전광역시 유성구 관평동 738,042-934-8588,36.4282406156263,127.392132684256
노은점 기아오토큐(주),대전광역시 유성구 노은서로76번길 27,042-477-8024,36.3674698995691,127.314259812173
구암점 기아오토큐,대전광역시 유성구 유성대로 640  구암동,042-825-8585,36.351110966155,127.328560479796
대흥점 기아오토큐,대전광역시 중구 대흥로 56  대흥동,042-254-8572,36.3234486840512,127.41919416834
목동점 기아오토큐(주),대전광역시 중구 동서대로 1361 (목동),042-226-8031,36.331116005347,127.409572260608
모라점 기아오토큐,부산 사상구 모라2동 1361,051-325-6677,35.1845586857893,128.989637224816
영주점 기아오토큐,부산 중구 영주동 25-3,051-466-1717,35.1123929870782,129.036672789766
명지점 기아오토큐,부산광역시 강서구 새진목길 94 (명지동),051-292-8080,35.1141258430416,128.923864528826
에이플러스모터스,"부산광역시 금정구 공단로 49  금사동 73-6 , 73-7",051-521-4972,35.2184472804579,129.1129017754
남산점 기아오토큐,"부산광역시 금정구 금강로 600, 기아오토큐 남산점(남산동)",051-514-8285,35.2610171308101,129.08799824767
부곡점 기아오토큐,"부산광역시 금정구 서부곡로 20  부곡동, 기아카센터",051-515-8514,35.2264996054269,129.089911273808
(주)금정모터스,"부산광역시 금정구 중앙대로 1691  부곡동, 부산시지정 자동차검사소",051-518-2525,35.2354400259483,129.091462301516
기장점 기아오토큐,부산광역시 기장군 기장읍 대청로 33  ,051-724-2291,35.237963539653,129.213709547888
정관점 기아오토큐,부산광역시 기장군 정관면 용수로 72  미세린타이어정관대리점,051-728-4545,35.3282858096727,129.17418917045
현대기아남구정비서비,부산광역시 남구 신선로 340(용당동),051-621-9204,35.1171900895702,129.095724057904
사직점 기아오토큐,부산광역시 동래구 미남로 17  사직동,051-507-2828,35.1956908784308,129.071465405638
안락점 기아오토큐,부산광역시 동래구 충렬대로 498  안락동,051-532-8285,35.194219913363,129.112198261518
중부산서비스 기아오토큐,부산광역시 부산진구 가야대로 561 (가야동),051-892-1649,35.1549791570478,129.033243073131
당감점 기아오토큐,부산광역시 부산진구 동평로 53  당감동,051-891-9119,35.1652020482613,129.035401696798
북부산서비스 기아오토큐(주),"부산광역시 북구 금곡대로 100, 북부산서비스 기아오토큐(주) (덕천동)",051-335-8285,35.2184319314043,129.00631318961
화명점 기아오토큐,부산광역시 북구 금곡대로 418  화명동,051-361-5555,35.2456410101364,129.013099030974
만덕점 기아오토큐,"부산광역시 북구 만덕3로 12  만덕동, 기아모터스",051-335-8297,35.2124096024849,129.025111448192
부산서비스센터,"부산광역시 사상구 가야대로 141, 기아(주) 부산서비스센터(감전동)",051-314-8585,35.1499487923029,128.988497605054
주례점 기아오토큐,부산광역시 사상구 가야대로 336,051-315-8285,35.1507273835759,129.009466461287
삼덕정비(주),부산광역시 사상구 가야대로 85 (감전동),051-315-3225,35.1513954566508,128.982653837167
괘법점 기아오토큐,부산광역시 사상구 새벽로 189,051-315-0025,35.1581888754865,128.983529786692
경남정비공업사,"부산광역시 사상구 학감대로237번길 13  감전동, 경남정비공업사",051-313-0501,35.1521773096844,128.989342846416
(주)제일정비,부산광역시 사상구 학장로317번길 82,010-2017-0304,35.1490635143492,128.994376477018
다대점 기아오토큐,부산광역시 사하구 다대로 605  다대동,051-263-7770,35.052603335127,128.971260935427
사하정비공업사,부산광역시 사하구 다대로320번길 14  장림동,051-266-5511,35.0741649617533,128.974960041042
㈜부산정비,부산광역시 사하구 을숙도대로 670 (장림동),051-263-2111,35.0840520349913,128.978477647039
하단점 기아오토큐,부산광역시 사하구 하신번영로 381-2  하단동,051-208-8528,35.1151252211001,128.960008589371
서대신점 기아오토큐,부산광역시 서구 보수대로 228  동대신동3가,051-255-8285,35.1150589594139,129.019062520113
민락점 기아오토큐,부산광역시 수영구 광남로 232 (민락동),051-759-8585,35.158767843984,129.124147884515
망미점 기아오토큐,부산광역시 수영구 연수로 290-1  망미동,051-751-0082,35.1727823234753,129.102426901526
거제점 기아오토큐,부산광역시 연제구 거제대로 144  거제동,051-862-8554,35.1812679923097,129.069935990444
연산점 기아오토큐,부산광역시 연제구 반송로 110  연산동,051-864-9098,35.1926741125741,129.090507946942
협신자동차서비스㈜,부산광역시 연제구 월드컵대로 180  거제동,051-861-0430,35.1880385537059,129.076834494264
영도점 기아오토큐,부산광역시 영도구 태종로 156 (봉래동3가) ,051-403-8286,35.0931931440055,129.045810747887
우동점 기아오토큐,부산광역시 해운대구 우동1로 9-7,051-744-4123,35.1624990780694,129.154881318644
동부산서비스 기아오토큐 ,부산광역시 해운대구 해운대로 1083 (송정동),051-702-5600,35.1821950136237,129.19959890737
중동점 기아오토큐(주),부산광역시 해운대구 해운대로 759 (중동),051-731-1322,35.1674490752507,129.172590775315
재송점 기아오토큐,부산광역시 해운대구 해운대로61번길 18 (재송동),051-782-0835,35.192003078293,129.121798640391
서부산서비스 기아오토큐(주),부산시 강서구 녹산산업북로 193번길 32 (송정동 1556-6),051-831-9910,35.0999782004744,128.843838535299
남부산서비스 기아오토큐(주),부산시 사하구 하신중앙로 107(신평동 370-76),051-265-4477,35.0888895560622,128.96469592016
세종점 기아오토큐,세종특별자치시 장군면 월현윗길 175-1,044-868-6955,36.5001297295638,127.229811196968
세종서비스 기아오토큐(주),세종특별자치시 조치원읍 번암공단2길 2,044-863-8080,36.5827619227299,127.294440035639
조치원점 기아오토큐(주),세종특별자치시 조치원읍 충현로 198,044-865-0886,36.6062094829261,127.294377460227
삼산점 기아오토큐,울산 남구 삼산동 1567-7,052-261-2966,35.5416046530777,129.34162120963
방어점 기아오토큐,울산 동구 방어동 1005-13,052-201-0277,35.481997450025,129.41137750293
달동점 기아오토큐,울산광역시 남구 중앙로128번길 10 (달동),052-276-9201,35.5326525837102,129.316150802406
남울산서비스 기아오토큐,울산광역시 남구 화합로14(여천동),052-266-1424,35.5265696967806,129.343883827364
호계점 기아오토큐,울산광역시 북구 동대8길 1  호계동,052-292-3800,35.6276954493069,129.355602205287
북울산서비스 기아오토큐,울산광역시 북구 산업로 1472 (신천동),052-294-9310,35.6389526259135,129.344981848137
무거점 기아오토큐,울산광역시 울주군 범서읍 장검길 21(굴화리 343-1),052-247-7007,35.5561846743824,129.254896410388
언양점 기아오토큐,울산광역시 울주군 삼남면 남상평3길 52 (남상평3길52),052-262-5001,35.5613201855035,129.116563875743
서울산종합서비스,울산광역시 울주군 삼남면 반구대로 322-3,052-262-4848,35.5267338056677,129.100739004069
온산점 기아오토큐,"울산광역시 울주군 온산읍 신경5길 4, 545-2, 546-2",052-237-1162,35.4331111715972,129.307246611006
교동점 기아오토큐,울산광역시 중구 명륜로 125  교동,052-245-1651,35.5606335903559,129.316362301849
병영점 기아오토큐,울산광역시 중구 병영로 74 (서동 222-2) 서동,052-296-2630,35.5760473260701,129.346352065916
(주)제일공업사,울산시 북구 염포로 248-2 (효문동),052-287-3901,35.5609157714726,129.366102391672
만수점 기아오토큐(주),인천 남동구 구월로 342 (만수동 947-2),032-466-8285,37.4550005607392,126.728658244837
부평서비스 기아오토큐(합),인천 부평구 청천동 175-10,032-528-3030,37.5168547593284,126.708604756979
강화점 기아오토큐,인천광역시 강화군 강화읍 중앙로 79  ,032-934-0202,37.7369662405047,126.48858062733
계산점 기아오토큐(주),"인천광역시 계양구 용마루길 6, 계산점기아오토큐(주) (용종동)",032-541-8582,37.5424806517595,126.74284077568
효성점 기아오토큐,인천광역시 계양구 효서로 100  효성동,032-549-4236,37.5276380838151,126.706921738333
도림점 기아오토큐,인천광역시 남동구 논고개로 259  도림동,032-441-5583,37.4138077673474,126.725851209686
간석점 기아오토큐,인천광역시 남동구 백범로 419-1 (간석동),032-439-5246,37.4673303436887,126.704471050649
구월점(주),인천광역시 남동구 인주대로 722,032-468-9201,37.4489529300647,126.717298612508
동인천서비스,인천광역시 동구 인중로 429,032-761-8285,37.4870039481863,126.620972917269
주안점 기아오토큐,인천광역시 미추홀구 경원대로 720 (주안동),032-433-8582,37.446830686091,126.690263397587
인천서비스센터,인천광역시 미추홀구 경인로 309(도화동),032-581-8585,37.4602561051666,126.675232441422
도화중부점 기아오토큐,"인천광역시 미추홀구 석정로 292, (도화동) (도화동)",032-875-8285,37.467874823377,126.667609253036
세기자동차,인천광역시 미추홀구 아암대로253번길 35 (학익동),032-833-8585,37.4410927518355,126.635450105666
주안남부점 기아오토큐,인천광역시 미추홀구 인주대로 322-1 (주안동),032-874-0949,37.4515459068661,126.672242965971
용현점 기아오토큐,인천광역시 미추홀구 토금중로 12 (용현동),032-886-1551,37.4538633229538,126.634874458957
부개점 기아오토큐,인천광역시 부평구 경인로 1096(부개동),032-504-0331,37.4857469889804,126.741467002982
부평점 기아오토큐,인천광역시 부평구 부흥로 379-1  부개동,032-501-8582,37.49812199534,126.734308039752
갈산점,인천광역시 부평구 장제로257번길 9(갈산동),032-523-1538,37.5085918251686,126.730842919087
가좌서부점 기아오토큐,인천광역시 서구 건지로 296  가좌동,032-584-8585,37.4988862011737,126.675111464738
왕길점 기아오토큐(주),인천광역시 서구 봉수대로 1372,032-568-2277,37.5963370689969,126.652512906367
북인천서비스,인천광역시 서구 봉수대로170번길 9,032-584-8031,37.4911741946167,126.662179371284
연희점 기아오토큐(주),"인천광역시 서구 서곶로 338, 340 (연희동)",032-567-6100,37.5764099223451,126.92691933561
서인천서비스(주),인천광역시 서구 열우물로 205 (가좌동),032-576-8582,37.4812951493565,126.687151417415
석남점 기아오토큐,"인천광역시 서구 염곡로 280  석남동, 기아 모터스",032-579-8285,37.5095424805097,126.668703888899
마전점 기아오토큐,인천광역시 서구 완정로34번길 57-25,032-561-1255,37.5982932116278,126.675133122037
청라서비스 기아오토큐(주),"인천광역시 서구 파랑로 224-4, 218 (원창동)",032-581-4572,37.5179484170841,126.634104427619
동춘점 기아오토큐(주),인천광역시 연수구 앵고개로 125,032-831-5101,37.4133377910414,126.659380413236
연수점 기아오토큐(주),인천광역시 연수구 한나루로124번길 4,032-815-7784,37.4223220620145,126.65143144427
분도공업사,인천광역시 옹진군 백령면 백령로297번길 18  기아모터스,032-836-6666,37.970759940338,124.715535506546
남인천서비스 기아오토큐(주),인천광역시 중구 서해대로 402,032-881-5511,37.462265550448,126.63320639479
신포점 기아오토큐,인천광역시 중구 우현로 6(사동),032-765-4455,37.4683323759762,126.625873948918
영종점 기아오토큐,인천광역시 중구 운남동로3번길 5(운남동),032-751-8588,37.4883506870347,126.533321196138
연안서비스 기아오토큐(주),"인천광역시 중구 축항대로86번길 66, (항동7가) (항동7가)",032-889-8585,37.4516702023581,126.603158770258
남동서비스 기아오토큐(주),인천시 남동구 고잔동 257-48,032-442-8572,37.3993236657748,126.71073530327
논현고잔점 기아오토큐,인천시 남동구 논현고잔로 144,032-434-0478,37.3954874270531,126.714528865407
서광양서비스 기아오토큐(유),전남 광양시 광양읍 덕례리 1464번지,061-723-2711,34.9650395231319,127.550532627306
동나주서비스 기아오토큐(주),전남 나주시 금천면 영산로 5678 (원곡리 257),061-337-3232,35.0351897301897,126.749318707971
송월점 기아오토큐,전남 나주시 송월동 667-2,061-333-8872,35.0270015931785,126.711676101212
완도점 기아오토큐,전남 완도군 완도읍 개포로 11-14 (군내리 1263-4),061-553-2877,34.3166345573295,126.751247763633
장흥점 기아오토큐,전남 장흥군 장흥읍 원도리 82-1번지,061-864-2929,34.6842342188285,126.917690447649
송정점 기아오토큐,전남광주통합특별시 광산구 송정로 43 (송정동),062-943-8287,35.1356817365873,126.795943900194
금호점 기아오토큐,전남광주통합특별시 서구 금호운천길 3 (금호동),062-373-8575,35.1358569814166,126.857406528153
강진공업사,전라남도 강진군 강진읍 해강로 1404  ,061-433-0049,34.6294485926749,126.757468349038
고흥점 기아오토큐,전라남도 고흥군 고흥읍 고흥로 1583-3  ,061-835-8575,34.5962846014333,127.27508691352
고흥자동차정비공업사,전라남도 고흥군 고흥읍 봉동주공길 6,061-833-1001,34.6069708398419,127.288228691321
도양점 기아오토큐,전라남도 고흥군 도양읍 우주항공로 7,061-843-0055,34.5247975176757,127.140551734305
광양서비스 기아오토큐(주),전라남도 광양시 강변로 93 (광영동),061-793-8585,34.9555364087825,127.728504958232
광양점 기아오토큐,전라남도 광양시 광양읍 순광로 634,061-762-2662,34.9665318606268,127.585412301228
중마점 기아오토큐,전라남도 광양시 발섬3길 14(중동),061-793-8572,34.9336894150891,127.699711488213
백운점 기아오토큐,전라남도 광양시 오류로 17(중동),061-794-4141,34.9401217758293,127.694810395881
남평점 기아오토큐,전라남도 나주시 남평읍 세남로 1771-22,061-333-3535,35.0456270751271,126.835018624033
남나주서비스 기아오토큐,전라남도 나주시 세지면 예향로 3148,061-337-0677,34.9394484277981,126.712497333086
담양점 기아오토큐,전라남도 담양군 담양읍 추성로 1227  ,061-381-8590,35.3188451164314,126.97257640549
목포서비스 기아오토큐(유),전라남도 목포시 남악로58번길 10(옥암동),061-283-8777,34.804006749327,126.445168439268
옥암점 기아오토큐,전라남도 목포시 부흥로 115(옥암동),061-283-8235,34.8052622669309,126.43309265811
용해점 기아오토큐,전라남도 목포시 삼학로 263(용해동),061-278-6556,34.7944762645431,126.407679013203
상동점 기아오토큐,전라남도 목포시 석현로35번길 1(석현동),061-284-8585,34.8169404552208,126.424465532747
산정점 기아오토큐,전라남도 목포시 연산로 81(산정동),061-272-8277,34.8056223455209,126.385349205364
무안서비스 기아오토큐,전라남도 무안군 무안읍 무안중앙로 76,061-453-7600,34.9913435843278,126.471544187824
신흥정비공업사,전라남도 보성군 벌교읍 채동선로 85  ,061-857-4972,34.8319622047929,127.34391495321
보성점 기아오토큐,전라남도 보성군 보성읍 봉화로 38,061-852-0025,34.7629960392083,127.077403850434
조례점 기아오토큐,전라남도 순천시 남신월길 43(조례동),061-727-4500,34.957111339586,127.52053352286
동외점 기아오토큐,전라남도 순천시 동문외1길 3(동외동),061-743-8544,34.9553817787828,127.488637604618
동명서비스 기아오토큐,전라남도 순천시 원연향길 16 (연향동),061-745-8585,34.9348574976157,127.521389808953
(버스전담)효천종합자동차정비,전라남도 순천시 인월동 산8-1,061-744-8266,34.8998196,127.4831273
가곡점 기아오토큐,전라남도 순천시 중앙로 397(가곡동),061-751-0880,34.9805016135307,127.484816613469
순천서비스기아오토큐,전라남도 순천시 해룡면 상성길 302,061-725-0900,34.9437902309268,127.536977386686
봉산점 기아오토큐,전라남도 여수시 대교로 17-1(봉산동),061-642-2682,34.7361551638881,127.723304481107
둔덕점 기아오토큐,전라남도 여수시 둔덕8길 7-7(둔덕동),061-681-7731,34.7695647439399,127.694192432359
여천점 기아오토큐,전라남도 여수시 반월길 13-3(여천동),061-661-8585,34.7771353711457,127.661690515724
학동점 기아오토큐(유),전라남도 여수시 선소로 15(학동),061-685-8682,34.7573308564464,127.663614632727
화장점 기아오토큐,전라남도 여수시 성산3길 7(화장동),061-681-8585,34.7773667229745,127.648040701178
여수서비스 기아오토큐(주),전라남도 여수시 소라면 소호관기로 143,061-692-8285,34.7384246767214,127.632901233892
문수점 기아오토큐,전라남도 여수시 여문2로 121(문수동),061-654-8585,34.754437330657,127.698325306649
(유)여수자동차공업사,전라남도 여수시 좌수영로 422,061-654-4958,34.7668233198218,127.703007717525
장성서비스 기아오토큐,전라남도 장성군 장성읍 축령로 51,061-392-8822,35.308363321151,126.774034713899
진도점 기아오토큐,전라남도 진도군 진도읍 동외1길 28,061-542-5788,34.4818793190615,126.271025948679
(유)함평제일종합서비스,전라남도 함평군 함평읍 함평천좌길 12,061-324-1472,35.0606450854854,126.52673844347
장공업사,전라남도 해남군 해남읍 읍관동길 15,061-536-8181,34.5790278502583,126.586447998366
신해남점 기아오토큐,전라남도 해남군 해남읍 해리3길 13-1,061-534-8271,34.5713448350244,126.608378105637
화순점 기아오토큐,전라남도 화순군 화순읍 만연로 101  ,061-374-7929,35.0647353114104,126.989923063698
광진자동차,전라북도 고창군 고창읍 보릿골로 128,063-564-2774,35.436851424378,126.696106696717
미룡점 기아오토큐,전라북도 군산시 대학로 501(미룡동),063-467-5245,35.9505697094493,126.685938036492
군산서비스(유),전라북도 군산시 미성로 502-2(미룡동),063-463-0100,35.9538475638499,126.67579112165
사정점 기아오토큐,전라북도 군산시 번영로 331(사정동),063-452-8285,35.9640519099283,126.753540828075
교동점 기아오토큐,전라북도 김제시 벽지산로 276(교동),063-546-8861,35.7996897453668,126.87680622077
금동점 기아오토큐,전라북도 남원시 금동로 70(금동),063-636-0204,35.404949815811,127.372189830068
무주점 기아오토큐,전라북도 무주군 무주읍 당산강변로 216,063-322-8285,36.005332495828,127.664769794897
순창점 기아오토큐,전라북도 순창군 순창읍 순창로 268,063-653-8572,35.3790260718521,127.144150258308
삼례점 기아오토큐,전라북도 완주군 삼례읍 삼례로 398,063-291-0022,35.9122618362072,127.071111941272
(유)전북혁신도시 현대상용서비스,전라북도 완주군 이서면 상계리 309-31,063-229-1800,35.823173968255354,127.0328779406396
영등점 기아오토큐,전라북도 익산시 고봉로 225(영등동),063-857-4654,35.9524975309566,126.968648734724
(유)제일자동차,전라북도 익산시 군익로 446-1(송학동),063-852-5119,35.9431137228828,126.934329548371
신흥점 기아오토큐(유),전라북도 익산시 서동로 318(신흥동),063-833-8253,35.9402909631398,126.984518506769
어양점 기아오토큐,전라북도 익산시 선화로 607(어양동),063-836-4772,35.9527651724579,126.993876570947
신동점 기아오토큐,전라북도 익산시 인북로 362(신동),063-851-8700,35.960305774841,126.962338064239
송학점 기아오토큐,전라북도 익산시 학곤로 52(송학동),063-854-0002,35.9377641377985,126.940941978835
장계점 기아오토큐,전라북도 장수군 장계면 한들1길 2,063-352-1515,35.7327727637927,127.580264142157
인후남부점 기아오토큐,전라북도 전주시 덕진구 견훤로 170(인후동1가),063-241-8572,35.8271043352642,127.160783094774
송천점 기아오토큐,전라북도 전주시 덕진구 두간로 48(송천동1가),063-278-8586,35.8650907752644,127.119669463368
서전주서비스,전라북도 전주시 덕진구 비석날로 131(팔복동2가),063-211-8100,35.8626176212038,127.084478355883
인후점 기아오토큐,전라북도 전주시 덕진구 안덕원로 287(인후동1가),063-242-8572,35.8373725895662,127.158101388004
전주서비스센터,전라북도 전주시 덕진구 온고을로 246(팔복동3가),063-219-8585,35.8408676925428,127.098577451575
금암점 기아오토큐,전라북도 전주시 덕진구 전주천동로 485(금암동),063-275-9988,35.83628621807,127.129723287348
효자점 기아오토큐,전라북도 전주시 완산구 서곡6길 6(효자동3가),063-272-8582,35.8364715769206,127.102833353323
서학점 기아오토큐,전라북도 전주시 완산구 장승배기로 328(서서학동),063-286-8572,35.8014071841301,127.14702115772
농소점 기아오토큐,전라북도 정읍시 명덕1길 85(농소동),063-537-2653,35.5826514537506,126.852194353288
고창점,전북 고창군 고창읍 석교리 8-5,063-564-8586,35.4406060213122,126.69538892579
중화산점 기아오토큐 (주),"전북 전주시 완산구 어은로 41 (중화산동2가 218,517-58,206-1)",063-225-8283,35.817660599013,127.127125670931
진안점 기아오토큐,전북 진안군 진안읍 우화4길 17,063-433-1101,35.7921739606735,127.43285970798
신풍점 기아오토큐,전북특별자치도 김제시 신풍길 164 (신풍동),063-544-8582,35.7970931210019,126.894639591531
남원서비스 기아오토큐 ,전북특별자치도 남원시 박달길 7 (용정동),063-626-5114,35.4340687846197,127.378964777617
효자중부점 기아오토큐,"전북특별자치도 전주시 완산구 천잠로 176, 174 (효자동2가)",063-223-8582,35.8032401312028,127.098407803099
정읍서비스 기아오토큐(유),전북특별자치도 정읍시 충정로 501 (공평동),063-537-8585,35.5813658512253,126.832166466898
성산점 기아오토큐,제주 서귀포시 성산읍 일주동로 4402 (고성리 1745-2),064-784-9752,33.4357334000815,126.909317729912
오라점 기아오토큐,제주 제주시 연삼로 116 (오라삼동 2811-4),064-748-8181,33.4928834888284,126.504733977646
대정점 기아오토큐,제주특별자치도 서귀포시 대정읍 동일하모로 227-3  ,064-794-3692,33.226127174105,126.255180656101
서귀포중부점 기아오토큐,제주특별자치도 서귀포시 중산간동로 8240-2 (호근동),064-732-4062,33.2625391165057,126.536395719353
㈜신안자동차,제주특별자치도 서귀포시 토평공단로115번길 12 (토평동 3279-9) 토평동,064-767-9105,33.2918000235374,126.58249211858
제주공항점 기아오토큐,제주특별자치도 제주시 공항서로 75 (도두이동),064-748-8285,33.4977764289175,126.482971808148
서제주서비스 기아오토큐,제주특별자치도 제주시 노형동 3115-2번지,064-749-7888,33.4804045018935,126.465654518016
제주서비스센터,제주특별자치도 제주시 선반로6길 12  화북일동,064-724-8585,33.513808254833,126.561633909949
남제주서비스 기아오토큐(주),제주특별자치도 제주시 아연로 334 (오등동),064-713-1100,33.4679039091618,126.522702730404
외도점 기아오토큐,제주특별자치도 제주시 연대마을길 75 (외도이동),064-711-7733,33.4925160663931,126.423929905497
도남점 기아오토큐,제주특별자치도 제주시 연삼로 291,064-721-0021,33.4927096734101,126.523570208056
화북점 기아오토큐,제주특별자치도 제주시 일주동로 14  화북이동,064-755-1472,33.5118556467149,126.549041262989
아라영평점 기아오토큐,제주특별자치도 제주시 첨단로 4 (영평동),064-722-8582,33.4714214808958,126.569663455631
동제주서비스 기아오토큐,제주특별자치도 제주시 화북1동 2133-1,064-722-2581,33.5150830706162,126.567316904057
옥룡점 기아오토큐(주),충남 공주시 옥룡동 30-4,041-854-8585,36.4564288524453,127.134708898289
금산서비스 기아오토큐,충남 금산군 금산읍 무금로 2413 (중도리107-1),041-754-4902,36.1054258475115,127.498978391907
북예산서비스 기아오토큐,충남 예산군 예산읍 충서로 1122-7(석양리 44-1 외4필지),041-331-3330,36.7075643079987,126.8319179635
태안서비스 기아오토큐(주),충남 태안군 태안읍 서해로 2068-16 (평천리 63-13),041-675-6666,36.7564825189008,126.33248337901
단양점 기아오토큐,충북 단양군 단양읍 상진리 556,043-423-2923,36.9800423993665,128.352110257841
남제천서비스 기아오토큐,충북 제천시 강제동 35-3,043-646-3301,37.1203441809999,128.226805684849
동현점 기아오토큐,충북 제천시 동현동 359번지,043-648-8575,37.1303662044833,128.220413372707
하소점 기아오토큐,충북 제천시 하소동 88,043-652-8582,37.1395327064876,128.198799127817
충주서비스 기아오토큐(주),충북 충주시 목행산단6로 15-10 (금릉동),043-853-2275,37.0006473080172,127.916973701619
계룡점 기아오토큐(주),충청남도 계룡시 새터산길 8-7,042-840-8031,36.2767398728985,127.251517713674
신관점 기아오토큐,충청남도 공주시 공주대학로 17-61  신관동,041-852-9200,36.4671017626916,127.134804456752
공주세종서비스 기아오토큐(주),충청남도 공주시 무령로 427 (신관동),041-858-2000,36.4650191141621,127.140330717625
논산서비스 기아오토큐,"충청남도 논산시 계백로 786, 784 (등화동)",041-733-8300,36.1884740873323,127.07377986036
부창점 기아오토큐,충청남도 논산시 부창로 21  부창동,041-733-8206,36.1953323074377,127.080145140599
취암점 기아오토큐,충청남도 논산시 시민로308번길 21  취암동,041-733-9797,36.1938873938143,127.093345102473
송악점 기아오토큐(주),충청남도 당진시 시곡로 344 (시곡동),041-357-1050,36.901092480203,126.683992025038
신평점 기아오토큐(주),충청남도 당진시 신평면 중말길 9,041-363-3311,36.8815459968331,126.751001345732
당진서비스 기아오토큐(주),충청남도 당진시 천변2길 189 (수청동),041-357-2121,36.8864834119116,126.643102548687
대천점 기아오토큐(주),충청남도 보령시 궁촌5길 25,041-932-8597,36.3425290119933,126.593031150494
보령서비스 기아오토큐,충청남도 보령시 대청로 397 (화산동),041-931-2993,36.3719810435219,126.626116640786
부여점 기아오토큐,충청남도 부여군 부여읍 계백로 374,041-834-0703,36.2799453391073,126.918965389301
대산점 기아오토큐,충청남도 서산시 대산읍 충의로 1839,041-681-5547,36.9305974037833,126.440659045243
북서산서비스 기아오토큐(주),"충청남도 서산시 음암면 운암로 199, .",041-665-2206,36.7885544456498,126.505006932497
동서산서비스 기아오토큐(주),충청남도 서산시 음암면 중앙로 548,041-667-2345,36.7520090369596,126.499621926397
석림점 기아오토큐,충청남도 서산시 중앙로 131(석림동 527-10),041-920-3211,36.7759597873934,126.463660812568
예천점 기아오토큐,충청남도 서산시 충의로 47  예천동,041-665-0930,36.7757557239225,126.43792359307
서천점 기아오토큐,충청남도 서천군 서천읍 사곡로 111 (사곡리 90),041-952-8383,36.0837886540397,126.694418170485
서천서비스 기아오토큐,충청남도 서천군 서천읍 서문로 10,041-951-3870,36.0750938407973,126.69985776143
현대자동차충청써비스,충청남도 아산시 곡교천로125번길 35  실옥동,041-547-3399,36.7953262799004,126.98976052396
둔포점 기아오토큐,"충청남도 아산시 둔포면 둔포중앙로 209, 211",041-542-3500,36.9247786554926,127.040830857351
배방점 기아오토큐,충청남도 아산시 배방읍 배방로 239-8,041-546-4242,36.7714690160041,127.072848704597
풍기점 기아오토큐,충청남도 아산시 온천대로 1708(풍기동),041-532-8582,36.7755860174731,127.026494921509
용화점 기아오토큐,충청남도 아산시 용화고길 5-21  용화동,041-543-1020,36.7741333719006,127.005169687005
천안아산서비스기아오토큐(주),충청남도 아산시 탕정면 삼성로 457,041-548-8200,36.8219452290388,127.088030546136
남예산서비스 기아오토큐(주),충청남도 예산군 예산읍 금오대로 133-10,041-332-6263,36.6902466570414,126.842824781873
남천안서비스 기아오토큐,충청남도 천안시 동남구 용수골길 52 (용곡동),041-552-8572,36.7824234137763,127.137881418838
구성점 기아오토큐(주),충청남도 천안시 동남구 천안대로 533,041-556-8585,36.7958038155098,127.164182377073
성성점 기아오토큐,충청남도 천안시 서북구 2공단1로 66(성성동),041-622-1526,36.8493478021497,127.117802829911
쌍용점 기아오토큐,충청남도 천안시 서북구 미라15길 9 (쌍용동),041-578-5588,36.8073431168129,127.130235228678
직산점 기아오토큐,충청남도 천안시 서북구 성거읍 봉주로 126,041-622-8585,36.8777305625266,127.160572219199
북천안서비스 기아오토큐(주),충청남도 천안시 서북구 직산읍 모시1길 11-25,041-579-8181,36.8688680929504,127.124041328771
서북천안서비스 기아오토큐(주),충청남도 천안시 서북구 천안대로 1112 (부대동),041-556-9191,36.8404808215371,127.152880408267
두정점 기아오토큐(주),"충청남도 천안시 서북구 천안대로 999-20, 두정점 기아오토큐 (두정동)",041-554-1212,36.8316646260887,127.15001176127
천안특장차자동차정비㈜,충청남도 천안시 서북구 천일고2길 99 (신당동),041-583-9889,36.863917010357,127.158245680953
평천점 기아오토큐,충청남도 태안군 태안읍 수등길 255,041-674-5932,36.7536251553691,126.323426815957
홍성서비스 기아오토큐(주),충청남도 홍성군 홍성읍 소향길91번길 89,041-631-5506,36.6076947227072,126.648242630625
고암점 기아오토큐,충청남도 홍성군 홍성읍 조양로246번길 62,041-632-5754,36.5943836449361,126.678019081478
괴산점 기아오토큐,충청북도 괴산군 괴산읍 괴강로 155,043-832-6969,36.8090156565285,127.80881781526
보은점 기아오토큐,충청북도 보은군 보은읍 남부로 4401  자동차정비공업사,043-543-3054,36.4755909279693,127.722424919074
영동서비스 기아오토큐,"충청북도 영동군 영동읍 동정로 119-1, 119",043-745-2200,36.17172701485527,127.79409629063768
옥천점 기아오토큐,충청북도 옥천군 옥천읍 마장로 79  소매시장,043-731-8584,36.2932900201789,127.576977328434
금왕점 기아오토큐,충청북도 음성군 금왕읍 대금로 1504,043-881-1942,36.9892243812284,127.599124513548
서음성서비스 기아오토큐(주),충청북도 음성군 금왕읍 무극로 19-14,043-877-4477,36.9843461379249,127.564889143186
동음성서비스 기아오토큐(주),충청북도 음성군 음성읍 충청대로 1241,043-872-9889,36.9190276440336,127.692391521518
북제천서비스 기아오토큐(주),"충청북도 제천시 송학주천로 44, (214-7,214-8,214-12) (고암동)",043-642-7559,37.1685400384479,128.235348648922
증평점 기아오토큐,"충청북도 증평군 증평읍 삼보로 40-17, (연탄리235-1)",043-838-8584,36.7845964065483,127.570282940693
진천서비스 기아오토큐(주),충청북도 진천군 진천읍 덕금로 170,043-534-0334,36.8697762638101,127.466359349844
방서점 기아오토큐(주),충청북도 청주시 상당구 단재로317번길 21 (방서동 54-1) 방서동,043-298-3255,36.6026225527518,127.504355895593
영운점 기아오토큐,충청북도 청주시 상당구 영운천로 85 (영운동 59-13) 영운동,043-223-8582,36.6196121958347,127.507394860663
개신점 기아오토큐,충청북도 청주시 서원구 1순환로 761,043-272-8586,36.6259986831015,127.463676339771
남청주서비스 기아오토큐,"충청북도 청주시 서원구 남이면 대림로 279-1, 279-2",043-233-8586,36.5953223693429,127.440864707833
분평점 기아오토큐,충청북도 청주시 서원구 청남로2005번길 73,043-291-8285,36.6099160987383,127.481088304869
오창점 기아오토큐(주),충청북도 청주시 청원구 오창읍 과학산업3로 68-6,043-215-2008,36.6973972621364,127.419943329802
오창북부점 기아오토큐,충청북도 청주시 청원구 오창읍 오창시내1길 5-14,043-218-8585,36.7392241099321,127.457066690244
율량점 기아오토큐,충청북도 청주시 청원구 율천북로 171,043-211-8584,36.6658268732526,127.489271132069
청원서비스 기아오토큐(주),"충청북도 청주시 청원구 팔결로 67-26, 오동동 (오동동)",043-213-4081,36.6911111677739,127.480689775306
강내서비스 기아오토큐(주),충청북도 청주시 흥덕구 강내면 탑연월곡길 34 (탑연리 113),043-233-8267,36.6206197089944,127.36246419684
서청주서비스 기아오토큐(주),충청북도 청주시 흥덕구 강서로 25(강서동),043-233-0033,36.6188907929779,127.42248893305
청주서비스센터,충청북도 청주시 흥덕구 사운로 315 (신봉동),043-275-8585,36.6550906926391,127.469272982283
북청주서비스 기아오토큐(주),충청북도 청주시 흥덕구 사운로386번길 45 (신봉동),043-265-6811,36.6612907212212,127.467711501137
오송점 기아오토큐,충청북도 청주시 흥덕구 오송읍 오송생명로 54,043-233-0880,36.6358644899605,127.316299332105
가경점 기아오토큐,충청북도 청주시 흥덕구 풍산로48번길 14  가경동,043-234-8572,36.6262637877547,127.435843438317
연수점 기아오토큐,충청북도 충주시 계명대로 185  연수동,043-846-8285,36.9826914921842,127.935088005363
봉방점 기아오토큐,충청북도 충주시 애향로 61  봉방동,043-846-8572,36.9729620399734,127.916668725866
