센터코드,센터명,센터종류,주소,전화번호,위도,경도,전기차수리,수소차수리
J1Z008,(유)팔복현대서비스,종합블루핸즈,전북특별자치도 전주시 덕진구 동곡로 25 (팔복동2가),063 2119688,35.854827,127.093682,Y,Y
L1M008,(유)평화점,전문블루핸즈,전남광주통합특별시 목포시 평화로107번길 5(상동),061 2848504,126.437789,34.798436,N,N
J01K45,(유)현대자동차익산서비스,종합블루핸즈,전북특별자치도 익산시 서동로 491 (용제동),063 8377111,35.944281,127.001429,Y,Y
B03S17,(자)신흥공업사,종합블루핸즈,강원특별자치도 원주시 강변로 577 ,033 7423533,37.354751,127.951697,N,Y
I01G42,(자)유승기업,종합블루핸즈,대전광역시 서구 계룡로 510 (탄방동),042 5230033,36.34341,127.380227,Y,Y
E5M008,(주)가학점,전문블루핸즈,"경기도 광명시 서독로 170, 1,2층(가학동)", 0226898278,126.858606,37.415522,N,N
Z21Z32,(주)검단자동차,종합블루핸즈,인천광역시 서구 단봉로 75 (왕길동),032 5637500,126.643389,37.596742,Y,N
Z12Z66,(주)경기자동차,종합블루핸즈,경기도 남양주시 진접읍 금강로 1943-11,031 5280770,127.216667,37.754964,N,N
D1M007,(주)고잔점,전문블루핸즈,인천광역시 남동구 은청로 26-24(고잔동),032 8138283,37.405482,126.694993,N,N
E05DP4,(주)고잔점,전문블루핸즈,경기도 안산시 단원구 중앙대로 951 (고잔동),031 4848572,37.31693,126.842103,N,N
B4Z003,(주)관악정비센터,종합블루핸즈,서울특별시 관악구 봉천로 412 (봉천동), 02 8770024,126.945533,37.482528,N,N
L3Z001,(주)광양정비센터,종합블루핸즈,전남광주통합특별시 광양시 광양읍 해광로 888,061761 2222,127.582003,34.963653,N,N
M1Z018,(주)구미현대서비스,종합블루핸즈,경상북도 구미시 비산로 45 (비산동),054 4643300,36.120194,128.376718,N,Y
B1M011,(주)구산점,전문블루핸즈,서울특별시 은평구 서오릉로 239 (구산동), 02 3638204,126.907697,37.615911,N,N
B2M005,(주)궁내점,전문블루핸즈,경기도 성남시 분당구 대왕판교로 301 (궁내동),031 7126073,127.101314,37.370736,N,N
I1M005,(주)금흥점,전문블루핸즈,충청남도 공주시 한적2길 52-7(금흥동),041 8553308,127.140447,36.479097,N,N
Z21Z41,(주)김포카독크,종합블루핸즈,경기도 김포시 조리미로 17 (사우동),031 9834891,126.724014,37.615164,N,N
D1Z006,(주)남동서비스,종합블루핸즈,인천광역시 남동구 논현고잔로88번길 16(고잔동),032 4462215,37.390595,126.713151,Y,Y
I1Z007,(주)남부현대서비스,종합블루핸즈,충청남도 서산시 남부순환로 20-8 (수석동),041 6681188,36.75368,126.494351,Y,N
S2Z009,(주)남진주현대서비스,종합블루핸즈,경상남도 진주시 정촌면 연꽃로 60 .,055 7625000,35.117611,128.098292,N,Y
Z21Z38,(주)네바퀴사랑,종합블루핸즈,인천광역시 서구 방축로 335 (가좌동),032 5840180,37.474486,126.680663,Y,N
D1M009,(주)논현점,전문블루핸즈,인천광역시 남동구 은봉로312번길 29-2 (논현동),032 4412350,37.404377,126.72512,N,Y
M1Z015,(주)달성현대서비스,종합블루핸즈,대구광역시 달성군 논공읍 비슬로350길 4-5,053 6363100,35.771252,128.416882,N,N
Z1Z010,(주)대광현대서비스,종합블루핸즈,경기도 여주시 가남읍 여주남로 755 1층,031 8811079,127.574878,37.23415,N,N
M1Z019,(주)동김천현대서비스,종합블루핸즈,경상북도 김천시 혁신로 316-17,054 4347757,36.128869,128.182755,Y,N
B2Z010,(주)동부현대모터스,종합블루핸즈,경기도 광주시 중앙로 21 (쌍령동),031 7648181,37.406042,127.265683,Y,N
I1Z005,(주)동부현대서비스,종합블루핸즈,충청남도 천안시 동남구 목천읍 신계2길 12-11,041 5221110,36.770398,127.20248,Y,N
B1M001,(주)동빙고점,전문블루핸즈,서울특별시 용산구 서빙고로 303 ( 동빙고동), 02 7920300,126.99705,37.521503,N,N
I1Z014,(주)동양모터스,종합블루핸즈,충청남도 당진시 송악읍 대섬길 228,041 3576811,126.747486,36.975717,N,N
P03DH1,(주)범어점,전문블루핸즈,경상남도 양산시 물금읍 서남3길 11,055385 3377,129.000758,35.327206,N,N
B4M004,(주)봉천점,전문블루핸즈,"서울특별시 관악구 남부순환로 1686, 지상1층(신림동)", 02 8768204,37.483856,126.937608,N,N
P02N22,(주)부산정비,종합블루핸즈,부산광역시 사하구 장림동 1050,051 2632111,128.978825,35.084167,Y,N
I1M010,(주)부여점,전문블루핸즈,충청남도 부여군 부여읍 성왕로 369,041 8323233,36.284251,126.928067,N,N
T1Z001,(주)산지공업사,종합블루핸즈,제주특별자치도 제주시 선반로 62 (화북일동),064 7587182,33.515035,126.564171,N,N
A1Z006,(주)삼공사,종합블루핸즈,인천광역시 동구 중봉대로 73 ,032 7735544,126.644625,37.486536,N,N
N01N20,(주)삼일 이알씨,종합블루핸즈,경상북도 포항시 남구 철강로 159 (장흥동),054 2853030,129.359042,35.988619,N,N
MF0D77,(주)상동점,전문블루핸즈,경기도 부천시 원미구 장말로 174 ,032 6115400,37.493105,126.761143,N,N
I1Z023,(주)서대전현대서비스,종합블루핸즈,대전광역시 서구 가수원로 103-13 (가수원동),042 5348400,127.348622,36.30315,Y,Y
B4M001,(주)서림점,전문블루핸즈,서울특별시 관악구 신림로 171 금원프라자1층(서림동), 02 8884700,37.474403,126.934073,N,N
I1M007,(주)석림점,전문블루핸즈,충청남도 서산시 서해로 3447 (석림동),041 6659761,36.772326,126.460298,N,N
D1Z004,(주)선두자동차,종합블루핸즈,인천 강화군 선원면  중앙로 148,032 9347785,37.730429,126.488955,N,N
E5M010,(주)선부점,전문블루핸즈,경기도 안산시 단원구 화정천서로2안길 1 ,031 4824300,37.342525,126.817419,N,N
Z11Z46,(주)성도모터스,종합블루핸즈,경기도 고양시 일산동구 백마로 488 (풍동),031 9071883,37.661915,126.802587,Y,N
E1M007,(주)성복점,전문블루핸즈,경기도 용인시 수지구 수지로 106 ,031 2648811,127.07825,37.311706,N,N
B8M007,(주)성사점,전문블루핸즈,"경기도 고양시 덕양구 고양대로 1361, 1층(성사동)",031 9676969,126.835694,37.655017,N,N
S2Z003,(주)성산현대서비스,종합블루핸즈,경상남도 창원시 성산구 해원로374번길 5(성주동),055 2612119,35.184963,128.704989,N,Y
A1Z005,(주)성일공업사,종합블루핸즈,경기도 고양시 일산동구 성석로 365 (성석동),031 9774992,126.792569,37.707828,N,N
I1M009,(주)성정북부점,전문블루핸즈,충청남도 천안시 서북구 백석로 226 (성정동),041 5747277,127.134619,36.818381,N,N
D1M008,(주)소사점,전문블루핸즈,경기도 부천시 소사구 소사로 142 ,032 3423989,37.470979,126.796083,N,N
D1M017,(주)송림점,전문블루핸즈,인천광역시 제물포구 송미로35번길 18 ,032 7778204,126.648861,37.483439,N,N
Z11Z50,(주)신도시카독크,종합블루핸즈,경기도 고양시 일산동구 장대길 160-54 (장항동),031 9055555,126.762361,37.643703,N,N
Z21Z56,(주)아진모터스,종합블루핸즈,인천광역시 계양구 아나지로 434 (작전동),032546 2100,126.740397,37.525297,N,N
E05H02,(주)안산모터스,종합블루핸즈,경기도 안산시 단원구 연수원로 17 (원시동),031493 5523,126.796894,37.315286,N,N
L1M011,(주)양산점,전문블루핸즈,전남광주통합특별시 북구 하서로 353 (양산동),062 5728504,126.873194,35.206664,N,N
Z12Z37,(주)양주자동차정비공업사,종합블루핸즈,경기도 양주시 평화로 1617 (회정동),031 8581748,127.053314,37.833369,N,N
P2M002,(주)엄궁점,전문블루핸즈,부산광역시 사상구 엄궁남로 1 (엄궁동),051 3287773,35.125734,128.968502,N,N
B1M009,(주)역촌점,전문블루핸즈,서울특별시 은평구 진흥로 49 (역촌동), 02 3528272,126.920197,37.601572,N,N
D1M011,(주)연수점,전문블루핸즈,인천광역시 연수구 동곡재로 31(동춘동),032 8118204,37.414588,126.672632,N,N
B8M006,(주)염리점,전문블루핸즈,서울특별시 마포구 백범로25길 49(염리동), 02 7015705,37.548029,126.947238,N,N
Z14Z48,(주)영남중공업,종합블루핸즈,서울특별시 금천구 시흥대로153길 26 (독산동), 02 8559966,126.897122,37.477689,N,N
MB0DA1,(주)오금동부점,전문블루핸즈,서울특별시 송파구 위례성대로 194 (오금동), 02 4430049,37.50948,127.132382,N,N
Z21Z59,(주)오토맥스,종합블루핸즈,경기도 부천시 부천로 190,032 6658030,37.500852,126.786986,Y,N
Z11Z45,(주)오토킹,종합블루핸즈,경기도 고양시 덕양구 충장로 208 (화정동),031 9780088,37.630694,126.837237,N,N
I1Z010,(주)옥천현대서비스,종합블루핸즈,충청북도 옥천군 옥천읍 마장로 67,043 7318256,36.293147,127.575439,N,N
B1M005,(주)용강점,전문블루핸즈,서울특별시 마포구 토정로 270 (용강동), 02 7119228,126.939622,37.542417,N,N
L1M009,(주)운남점,전문블루핸즈,전남광주통합특별시 광산구 풍영철길로 151(운남동),062 9554111,126.821814,35.171722,N,N
E5M006,(주)원시점,전문블루핸즈,"경기도 안산시 단원구 산단로 107(원시동,서흥테크노밸리 101-1,2)",031 5089990,37.305466,126.787101,N,N
I01G87,(주)유성현대서비스,종합블루핸즈,대전광역시 유성구 한밭대로 398 ,042 8244972,36.362008,127.343428,Y,Y
B3M007,(주)은현점,전문블루핸즈,경기도 양주시 은현면 화합로 976,031 8592556,37.858697,127.028256,N,N
E1M020,(주)장당점,전문블루핸즈,경기도 평택시 첨단대로 439 ,031 6683379,127.058458,37.045458,,
J01K27,(주)전북고속터미널,종합블루핸즈,전북특별자치도 전주시 덕진구 가리내로 30 (금암동),063 2701781,127.133406,35.834758,N,N
B3M011,(주)정릉점,전문블루핸즈,서울특별시 성북구 솔샘로 35(정릉동), 02 9410466,37.610659,127.005001,N,N
E5M001,(주)정왕점,전문블루핸즈,경기도 시흥시 중심상가로 48(정왕동),031 4888217,37.352117,126.723261,N,N
D1M015,(주)중동점,전문블루핸즈,경기도 부천시 원미구 장말로 177 ,032 6688272,37.493368,126.761741,N,N
E01E59,(주)중앙고속,종합블루핸즈,경기도 화성시 풀무골로 1 ,031 3768288,127.125339,37.204961,N,N
I01DQ6,(주)진잠점,전문블루핸즈,대전광역시 유성구 진잠로 118 (원내동),042 5268272,36.301883,127.315442,N,N
S2Z008,(주)진해현대서비스,종합블루핸즈,경상남도 창원시 진해구 죽곡로 136,055 5468582,35.110927,128.724599,N,Y
M01L68,(주)창신종합중기정비,종합블루핸즈,대구광역시 북구 신천동로 980 (산격동),053 3825900,128.594919,35.902194,N,N
S02Q47,(주)창원신일현대서비스,종합블루핸즈,경상남도 창원시 의창구 차상로 187 (팔용동),055 2929500,35.240914,128.634425,Y,Y
P03M08,(주)천일정비,종합블루핸즈,경상남도 양산시 물금읍 제방로 27 ,055 3712230,129.010142,35.291728,N,N
Z1Z001,(주)파주현대상용서비스,종합블루핸즈,경기도 파주시 월롱면 도감로 164,031 9498074,126.802942,37.791381,N,N
Z1Z026,(주)평택항 현대서비스,종합블루핸즈,경기도 평택시 포승읍 하만호길 237 ,031 6869752,126.850536,36.955392,N,N
Z1Z037,(주)포항현대상용서비스,종합블루핸즈,경상북도 포항시 남구 호동로 122 ,054 2858080,129.384522,35.989931,N,N
Z12Z75,(주)합성자동차,종합블루핸즈,서울특별시 강북구 도봉로 113 (미아동), 02 9894901,37.619001,127.028846,Y,Y
P02N33,(주)현대기아남구정비서비스,종합블루핸즈,부산광역시 남구 신선로 340 (용당동),051 6219204,129.095958,35.116906,Y,Y
Z0ZZ95,(주)현대시트,종합블루핸즈,"서울특별시 동작구 등용로 89(대방동,1층)", 02 7138530,126.934997,37.511982,,
Z11Z48,(주)현대오성자동차공업사,종합블루핸즈,경기도 파주시 탄현면 평화로 563,031 9438272,37.772002,126.721996,Y,N
I01G80,(주)현대자동차충청써비스,종합블루핸즈,충청남도 아산시 곡교천로125번길 35 ,041 5473399,126.9885,36.79525,Y,Y
I1Z021,(주)홍성현대서비스,종합블루핸즈,충청남도 홍성군 금마면 충서로 2165,041 6338890,36.623182,126.723672,Y,N
F01F33,(합)동춘천현대서비스,종합블루핸즈,강원특별자치도 춘천시 후석로462번길 91 (후평동),033 2533147,37.891443,127.751681,N,Y
L1Z004,(합)북광주현대서비스,종합블루핸즈,전남광주통합특별시 북구 하서로672번길 37 (용전동),062 5768272,35.234798,126.890681,Y,Y
D1Z001,㈜남인천현대써비스,종합블루핸즈,인천광역시 남동구 은청로 32 (고잔동),032816 1500,37.40552,126.696821,N,Y
Z1Z025,㈜전국정비,종합블루핸즈,경상남도 김해시 한림면 김해대로 1131-2,055 3421677,128.806211,35.296619,N,N
B3Z001,㈜평내현대써비스,종합블루핸즈,경기도 남양주시 경춘로 1319 (평내동),031 5953663,37.651322,127.238462,N,N
E1M015,㈜평택합정점,전문블루핸즈,경기도 평택시 배미1길 6 (합정동) ,031 6586619,36.98931,127.11048,N,Y
B8M010,㈜향동점,전문블루핸즈,경기도 고양시 덕양구 꽃내음1길 159 (향동동), 02 3228777,126.890228,37.599372,N,N
T1M012,㈜현대노형북부점,전문블루핸즈,제주특별자치도 제주시 월광로 43 ,064 7471475,33.48546,126.465447,N,N
G1M013,가경점(주),전문블루핸즈,충청북도 청주시 흥덕구 가경로101번길 27 (가경동),043 2348204,127.437653,36.623789,N,N
B3M013,가능서부점,전문블루핸즈,경기도 의정부시 서부로 526(가능동),031 8775589,127.025722,37.743539,N,N
ME0D06,가능점,전문블루핸즈,경기도 의정부시 체육로 16 (가능동),031 8790404,127.032011,37.752317,N,N
MB0D39,가락점,전문블루핸즈,서울특별시 송파구 중대로 203 (가락동), 02 4300135,127.126131,37.500153,N,N
B1M007,가람로중앙점,전문블루핸즈,경기도 파주시 가람로21번길 7-20 (와동동),031 9471456,126.751147,37.734175,N,N
M01M01,가산현대상용서비스,종합블루핸즈,경상북도 칠곡군 가산면 송신로 276 ,054 9711500,128.519067,36.105283,N,N
Z12Z41,가산현대서비스㈜,종합블루핸즈,경기도 포천시 가산면 가산로 18 ,031 5421111,127.156228,37.836428,N,N
P02DH4,가야점,전문블루핸즈,부산광역시 부산진구 가야대로 660,051 8967778,129.044094,35.155697,N,N
S02DH7,가야점,전문블루핸즈,경상남도 함안군 가야읍 가야로 126,055 5849966,128.414869,35.278628,N,N
Z18Z07,가양현대서비스,종합블루핸즈,서울특별시 강서구 양천로 462 (등촌동), 0236613661,126.851908,37.562247,N,N
MA0DA4,가좌점,전문블루핸즈,경기도 고양시 일산서구 송산로 414 (가좌동),031 9238210,37.685811,126.724733,N,N
MF0D59,가좌점,전문블루핸즈,인천광역시 서구 건지로 395-1 (가좌동),032 5739944,126.685575,37.495872,N,N
Z1Z027,가평상용현대서비스,종합블루핸즈,경기도 가평군 상면 청군로 1990 가평상용현대서비스,031 5856360,127.29425,37.831322,N,N
B3M006,가평점,전문블루핸즈,경기도 가평군 가평읍 광장로 21,031 5822119,127.509481,37.825847,N,N
M01DP7,가흥점,전문블루핸즈,경상북도 영주시 신재로 25 (가흥동),054632 8222,128.609819,36.830814,N,N
MF0D63,간석점,전문블루핸즈,인천광역시 남동구 경인로 776 (간석동),032 5018855,126.710953,37.478678,N,N
J01DM8,갈공점,전문블루핸즈,전북특별자치도 김제시 벽성로 305 (갈공동),063 5458204,35.801241,126.870437,N,N
B2M013,감일점,전문블루핸즈,경기도 하남시 감일로 166 (감일동), 0269586005,127.156006,37.514114,N,N
I01DN7,강경점,전문블루핸즈,충청남도 논산시 강경읍 계백로 130-2,041 7451475,127.015353,36.156144,N,N
N1M006,강구점,전문블루핸즈,경상북도 영덕군 강구면 동해대로 4571 ,054 7335300,129.376586,36.365011,N,N
MD0D46,강남논현점,전문블루핸즈,서울특별시 강남구 논현로150길 21 (논현동) , 02 5168204,37.519682,127.030138,N,N
Z1Z015,강남현대상용서비스,종합블루핸즈,경상남도 양산시 상북면 소노길 9,055 3744767,129.055033,35.378967,N,N
Z1M004,강릉대형점,전문블루핸즈,강원특별자치도 강릉시 율곡로 2553 (유산동),033 6438546,128.921647,37.740519,N,N
F01DG3,강릉북부점,전문블루핸즈,강원특별자치도 강릉시 가작로 306 ,033 6536622,128.908725,37.770697,N,N
F01000,강릉하이테크센터,하이테크센터,강원특별자치도 강릉시 강변로534번길 9  입암동,033 6539120,37.765967,128.919597,,
P2Z002,강서명지현대서비스,종합블루핸즈,부산광역시 강서구 화전산업대로 163 ,051 8312199,35.103447,128.887153,N,Y
P2M001,강서범방점,전문블루핸즈,부산광역시 강서구 가락대로900번길 5 ,051 8321133,35.151202,128.881656,N,N
Z1Z018,강서상용현대서비스(주),종합블루핸즈,경기도 김포시 고촌읍 아라육로57번길 87-11, 0226666268,126.795797,37.592058,N,N
G1M015,강서점,전문블루핸즈,충청북도 청주시 흥덕구 서현로 14(가경동),043 2378277,127.423978,36.616589,N,N
B8Z004,강서현대서비스㈜,종합블루핸즈,서울특별시 강서구 남부순환로 223 (외발산동), 0226610072,37.545862,126.821914,N,Y
B2Z014,강일현대서비스,종합블루핸즈,서울특별시 강동구 상일로12길 85(강일동), 0262253000,37.555951,127.172625,Y,Y
T1M010,강정점,전문블루핸즈,제주특별자치도 서귀포시 일주서로 215-3(강정동),064 7383749,33.250019,126.484942,N,N
L03DJ4,강진점,전문블루핸즈,전남광주통합특별시 강진군 강진읍 금릉2길 2,061 4338204,126.767419,34.6341,N,N
MF0D03,강화점,전문블루핸즈,인천광역시 강화군 강화읍 강화대로 286-1,032 9345959,126.497239,37.742406,N,N
MC0D49,개봉점,전문블루핸즈,서울특별시 구로구 경인로 286 (개봉동), 0226838774,126.852078,37.497744,N,N
G01DL5,개신점,전문블루핸즈,충청북도 청주시 서원구 성봉로 161,043 2373451,36.61966,127.451212,N,N
MD0D35,개포점,전문블루핸즈,서울특별시 강남구 개포로 254 (개포동),02 578 8204,37.478907,127.050264,N,N
E05DK6,거모점,전문블루핸즈,경기도 시흥시 군자로 532번길,031 4934946,126.786139,37.343,N,N
S02DK5,거제상동점,전문블루핸즈,경상남도 거제시 상동1길 18-3 ,055 6354060,34.86497,128.639785,N,N
S02DL5,거제서정점,전문블루핸즈,경상남도 거제시 거제면 읍내로 104,055 6341418,128.587525,34.853019,N,N
S2Z007,거제현대서비스,종합블루핸즈,경상남도 거제시 연초면 연하해안로 316,055 6379200,34.903931,128.623841,Y,Y
S02DG6,거창점,전문블루핸즈,경상남도 거창군 거창읍 가조가야로 16 ,055 9433360,127.921261,35.695169,N,N
S02Q50,거창현대서비스,종합블루핸즈,경상남도 거창군 거창읍 밤티재로 1262 .,055 9437700,35.667716,127.931921,N,N
N01DJ8,건천점,전문블루핸즈,경상북도 경주시 건천읍 내서로 1201,054 7518207,35.843567,129.109437,N,N
MF0D84,검단가현점,전문블루핸즈,인천광역시 서구 가현로117번길 62(마전동),032 5693280,126.667011,37.609025,N,N
MF0D69,검암점,전문블루핸즈,인천광역시 서구 승학로 532 (검암동),032 5641359,126.678728,37.565783,N,N
E01E39,경기자동차공업사,종합블루핸즈,경기도 용인시 기흥구 중부대로 14-9 (영덕동),031 2061661,127.070956,37.266792,N,N
N01N27,경산진량현대서비스,종합블루핸즈,경상북도 경산시 진량읍 의송길 6 ,053 8523800,35.863577,128.803839,Y,Y
N1Z005,경주현대상용서비스,종합블루핸즈,경상북도 경주시 태종로 266-3,054 7012323,129.164622,35.837303,N,Y
N1Z006,경주현대서비스(주),종합블루핸즈,경상북도 경주시 공단로 45 ,054 7769100,35.874551,129.219161,Y,N
I01DR3,계룡금암점,전문블루핸즈,충청남도 계룡시 금암로 130-6 (금암동),042 5516000,127.255189,36.275461,N,N
I01G83,계룡현대서비스,종합블루핸즈,충청남도 계룡시 두마면 왕대로 99,042 8411111,36.258763,127.279163,N,N
N01DK7,계양점,전문블루핸즈,경상북도 경산시 원효로 120 (계양동),053 8028204,128.750561,35.822356,N,N
I01DN6,고대점,전문블루핸즈,충청남도 당진시 고대면 보덕포로 174,041 3520809,126.602775,36.925392,N,N
B2Z022,고등현대서비스,종합블루핸즈,경기도 성남시 수정구 청계산로2길 14 ,031 7478204,127.094439,37.427711,Y,N
S02Q45,고성군현대서비스,종합블루핸즈,경상남도 고성군 고성읍 남해안대로 2524 ,055 6740330,34.969307,128.335389,N,N
M1M005,고성점,전문블루핸즈,대구광역시 북구 옥산로 74(고성동3가),053 3560404,35.884455,128.583644,N,N
S02DN3,고성중앙점,전문블루핸즈,경상남도 고성군 고성읍 송학고분로 229 .,055 6735526,128.315325,34.981597,N,N
F01F28,고성현대서비스,종합블루핸즈,강원특별자치도 고성군 죽왕면 향목길 14,033 6810001,128.490158,38.380828,N,N
M01DN2,고아점,전문블루핸즈,경상북도 구미시 고아읍 송평로 6 ,054 4828383,36.162588,128.35434,N,N
B8Z005,고양벽제현대서비스㈜,종합블루핸즈,경기도 고양시 덕양구 혜음로  240,031 9685300,37.721178,126.898145,N,N
MA0D94,고양점,전문블루핸즈,경기도 고양시 덕양구 호국로 1787 (고양동),031 9633377,126.906238,37.710387,N,N
B08000,고양하이테크센터,하이테크센터,경기도 고양시 일산서구 킨텍스로 217-6(대화동),03180362114,37.666207,126.747685,,
E05DK9,고잔중부점,전문블루핸즈,경기도 안산시 단원구 화정천동로 96 (고잔동),031439 6776,37.313558,126.821909,N,N
J01DG9,고창점,전문블루핸즈,전북특별자치도 고창군 고창읍 소반3길 17-2,063564 8796,126.694531,35.4398,N,N
J1Z003,고창중앙현대서비스,종합블루핸즈,전북특별자치도 고창군 고창읍 보릿골로 106 ,063 5611911,35.434591,126.695826,N,N
S02DN8,고현로점,전문블루핸즈,경상남도 거제시 고현로14길 61 (고현동),055 6378801,34.883391,128.629578,N,N
E01DL9,고현점,전문블루핸즈,경기도 오산시 동부대로338번길 13 ,031 6660014,127.079269,37.132703,N,N
L03CA1,고흥점,전문블루핸즈,전남광주통합특별시 고흥군 고흥읍 고흥로 1876,061 8338204,34.616043,127.292329,N,N
E01DG8,곡반점,전문블루핸즈,경기도 수원시 권선구 곡반정로 57 ,031 2162820,37.23404,127.027885,N,N
L1M004,곡성점,전문블루핸즈,전남광주통합특별시 곡성군 곡성읍 학교로 8,061 3639111,127.289967,35.277467,N,N
B2M012,곤지암점,전문블루핸즈,경기도 광주시 곤지암읍 도척로 142 ,031 7646611,127.337519,37.339619,N,N
Z31Z01,곤지암현대상용서비스,종합블루핸즈,경기도 광주시 실촌면 삼리 333,031 7638162,127.31811,37.354978,N,N
Z13Z75,곤지암현대서비스,종합블루핸즈,경기도 광주시 곤지암읍 대석동길 113 ,031 7698484,37.351354,127.348695,Y,N
G01H38,공단현대서비스,종합블루핸즈,충청북도 청주시 흥덕구 월명로201번길 2 ,043 2684088,36.653529,127.453434,Y,Y
E1Z018,공도현대서비스,종합블루핸즈,경기도 안성시 공도읍 원승두길 10 공도현대서비스,031 6533007,127.15395,36.996836,,
B03CA2,공릉점,전문블루핸즈,서울특별시 노원구 동일로197길 93 (공릉동),02 948 4508,127.070331,37.625708,N,N
B7M002,공항남부점,전문블루핸즈,서울특별시 강서구 송정로 21-1 (공항동), 0220640106,126.811731,37.557058,N,Y
M1Z001,공항현대서비스,종합블루핸즈,대구광역시 동구 공항로 139 ,053 9859600,128.629506,35.901339,N,N
L03DJ9,공화점,전문블루핸즈,전남광주통합특별시 여수시 동문로 109 (공화동),061 6651116,127.742919,34.746253,N,N
A1M001,과천대형점,전문블루핸즈,경기도 과천시 중촌로 15, 02 5038465,127.030169,37.456258,N,N
E5M005,과천점,전문블루핸즈,경기도 과천시 상하벌로 4 (과천동), 02 5038204,126.999436,37.449206,N,N
MA0D78,관산점,전문블루핸즈,경기도 고양시 덕양구 통일로 754번길 25-5 (관산동),031 9623411,37.688566,126.866627,N,N
E05DM2,관양중부점,전문블루핸즈,경기도 안양시 동안구 관악대로 277 ,031 3878812,126.953656,37.402797,N,N
I01DN3,관저점,전문블루핸즈,대전광역시 서구 관저동로73번길 23 (관저동),042 5428572,127.339167,36.298425,N,N
E05DN6,광명남부점,전문블루핸즈,경기도 광명시 범안로 649 (노온사동),02 26190050,126.845433,37.442194,N,N
E5Z004,광명하안현대서비스,종합블루핸즈,경기도 광명시 구름산로 35 , 02 8985959,37.458122,126.877419,Y,N
L1Z005,광산현대서비스(주),종합블루핸즈,전남광주통합특별시 광산구 동곡로 663,062 9409800,35.140402,126.775291,Y,Y
P01DG7,광안서부점,전문블루핸즈,부산광역시 수영구 수영로 531 (광안동),051752 6883,35.153213,129.111691,N,Y
L03DG1,광양점,전문블루핸즈,전남광주통합특별시 광양시 광양읍 매천로 767,061 7628868,34.977064,127.580215,N,N
L03DH7,광영점,전문블루핸즈,전남광주통합특별시 광양시 광포로 5(광영동),061 7947901,34.959752,127.722998,N,N
ME0D50,광적점,전문블루핸즈,경기도 양주시 광적면 부흥로 947,031 8368804,37.80971,126.99451,N,N
Z1Z039,광주오포현대상용서비스,종합블루핸즈,경기도 광주시 오포로 281 ,031 7668826,127.193217,37.348314,N,N
L01000,광주하이테크센터,하이테크센터,전남광주통합특별시 남구 송암로76번길 31 송하동,062 6732111,35.113457,126.878261,,
MA0D72,광탄점,전문블루핸즈,경기도 파주시 광탄면 동거리길 42,031 9488260,126.849794,37.781231,N,N
G01DK2,광혜원점,전문블루핸즈,충청북도 진천군 광혜원면 장기길 5,043 5358204,127.441103,36.982242,N,N
MA0D34,광희점,전문블루핸즈,서울특별시 중구 마른내로 139 (광희동1가), 0222758204,127.00347,37.564828,N,N
G1M017,괴산점,전문블루핸즈,충청북도 괴산군 문광면 읍내로 35-17 ,043 8323000,127.772567,36.800453,N,N
F01DJ3,교동점,전문블루핸즈,강원특별자치도 속초시 동해대로 4334 (교동),033 6325232,128.568639,38.202747,N,N
S01DJ2,교동점,전문블루핸즈,울산광역시 울주군 삼남면 반구대로 604,052264 8282,129.115414,35.547153,N,N
F01DH4,교동중부점,전문블루핸즈,강원특별자치도 강릉시 화부산로 62 (교동),033645 9994,128.885675,37.762272,N,N
B1M006,교하당하점,전문블루핸즈,경기도 파주시 천정구로 81-1 ,031 9438543,126.751505,37.742438,N,N
E01DM4,구갈점,전문블루핸즈,경기도 용인시 기흥구 중부대로 523 (구갈동),031 2832065,127.122725,37.274175,N,N
L3M001,구례점,전문블루핸즈,전남광주통합특별시 구례군 구례읍 용방로 17,061781 8597,127.461181,35.218339,N,N
MC0D51,구로남부점,전문블루핸즈,서울특별시 구로구 도림로 43 (구로동), 02 8680033,126.889036,37.488206,N,N
MC0D59,구로동부점,전문블루핸즈,서울특별시 구로구 시흥대로 527 , 02 8699938,126.899122,37.480619,N,N
B3Z011,구리동부현대서비스,종합블루핸즈,경기도 구리시 동구릉로200번길 18 인창동,031 5678291,37.616615,127.139042,Y,N
B3Z006,구리중앙현대서비스,종합블루핸즈,경기도 구리시 경춘로 162번길 7 (교문동),031 5624488,37.600297,127.133475,Y,Y
Z12Z73,구리현대자동차공업사,종합블루핸즈,경기도 구리시 아차산로 399 (교문동),031 5659191,37.590715,127.130504,N,N
P3M003,구산점,전문블루핸즈,경상남도 김해시 해반천로 72 (구산동),055 3110018,35.255326,128.870168,N,N
P01DH4,구서점,전문블루핸즈,부산광역시 금정구 금정로 206(구서동),051518 8204,35.242485,129.089271,N,N
E01DJ1,구성점,전문블루핸즈,경기도 용인시 기흥구 마북로 179 ,031 2835151,127.125078,37.305692,N,N
E01E69,구성현대서비스,종합블루핸즈,경기도 용인시 기흥구 동백죽전대로527번길 98-25 ,031 2810008,37.282748,127.142593,Y,Y
S1M010,구영점,전문블루핸즈,울산광역시 울주군 범서읍 대리3길 10-16 ,052 2485757,129.249,35.566539,N,N
MF0D83,구월중부점,전문블루핸즈,인천광역시 남동구 복개서로 97번길 1 (구월동),032463 8203,126.722425,37.455217,N,N
MB0D57,구의점,전문블루핸즈,서울특별시 광진구 광나루로50길 9 , 02 4573702,127.093858,37.542219,N,N
P02DG5,구포점,전문블루핸즈,부산광역시 북구 백양대로1064번길 4 (구포동),051 3438204,35.19975,128.997619,N,N
Z1M005,군산대형점㈜,전문블루핸즈,전북특별자치도 군산시 외항로 323 (산북동),063 4684831,126.634125,35.967344,N,N
J02000,군산하이테크센터,하이테크센터,전북특별자치도 군산시 해망로 570  소룡동,063 4674111,35.982731,126.678492,,
E5Z007,군포역현대서비스,종합블루핸즈,경기도 군포시 공단로 125 ,031 4291102,37.356373,126.949075,Y,N
E01CA4,권선점,전문블루핸즈,경기도 수원시 권선구 세권로 133 (권선동),031 2137114,127.018833,37.257181,N,N
E01E67,금강자동차정비공업사,종합블루핸즈,경기도 안성시 공도읍 서동대로 4344,031 6559535,37.005096,127.184798,N,N
S2M015,금강점,전문블루핸즈,경상남도 창원시 마산회원구 금강로 161 블루핸즈 금강점,055 2968207,35.246001,128.585224,N,Y
P01DK7,금곡점,전문블루핸즈,부산광역시 북구 금곡대로 604 (금곡동),051332 0303,129.014675,35.261833,N,N
ME0D37,금곡점,전문블루핸즈,경기도 남양주시 경춘로 941 (금곡동),031 5916002,37.633529,127.205988,N,N
G1M006,금릉점,전문블루핸즈,충청북도 충주시 국원대로 254 (금릉동),043 8518787,36.994378,127.92853,N,N
I1M006,금산점,전문블루핸즈,충청남도 금산군 금성면 안비범길 14,041 7546426,127.4947,36.1153,N,N
S02DL1,금산점,전문블루핸즈,경상남도 진주시 금산면 금산로 66,055 7632988,35.214165,128.143691,N,N
J01DG6,금암점,전문블루핸즈,전북특별자치도 전주시 덕진구 백제대로 605 (금암동),063 2522746,35.841953,127.135573,N,N
ME0D79,금오중부점,전문블루핸즈,경기도 의정부시 호국로1519번길 7 (금오동),031 8211514,127.069372,37.753661,N,N
P01M45,금정중앙현대서비스,종합블루핸즈,부산광역시 금정구 중앙대로 1691 ,051 5182525,35.23544,129.091462,Y,Y
MA0DA3,금촌북부점,전문블루핸즈,경기도 파주시 시청로 229 (금촌동),031 9458204,126.773594,37.771047,N,N
MA0D90,금촌점,전문블루핸즈,경기도 파주시 평화로 4 (금촌동),031 9456622,126.773572,37.758494,N,N
N01DJ2,금호점,전문블루핸즈,경상북도 영천시 금호읍 금호로 25-1 ,054 3368202,128.864728,35.929678,N,N
P01DG6,기장점,전문블루핸즈,부산광역시 기장군 기장읍 기장대로 447,051 7228383,129.217342,35.2357,N,N
MB0D52,길동동부점,전문블루핸즈,서울특별시 강동구 명일로 195 , 02 4855656,127.145317,37.536161,N,N
E01DJ7,김량장점,전문블루핸즈,경기도 용인시 처인구 중부대로 1434 (김량장동),031 3364947,37.232572,127.20357,N,N
J1Z004,김제중앙현대서비스,종합블루핸즈,전북특별자치도 김제시 봉남로 843 ,063 5458572,126.926642,35.776428,N,N
Z21Z52,김포서부현대서비스,종합블루핸즈,경기도 김포시 대곶면 초원로 86 ,031 9876867,126.596686,37.654178,N,N
P3M011,김해수로점,전문블루핸즈,경상남도 김해시 가락로 180 (구산동),055 3244073,35.241981,128.878134,N,N
Z1Z017,나주산포현대상용서비스,종합블루핸즈,전남광주통합특별시 나주시 산포면 산남로 66,061 3370500,126.82235,35.042186,N,N
L1Z010,나주현대서비스(주),종합블루핸즈,전남광주통합특별시 나주시 금천면 영산로 5851,061 3349999,35.03521,126.767911,Y,Y
ME0D69,낙양점,전문블루핸즈,"경기도 의정부시 용민로303번길 10,에이동(낙양동)",031 8215682,127.103253,37.751925,N,N
MD0D67,난곡점,전문블루핸즈,서울특별시 관악구 난곡로 124-1 (신림동),02 856 8204,126.920442,37.46635,N,N
MA0D41,남가좌동부점,전문블루핸즈,서울특별시 서대문구 모래내로 255 (255-4추가), 02 3049434,37.576334,126.926829,N,N
F01F30,남강릉현대서비스,종합블루핸즈,강원특별자치도 강릉시 성덕로 126 ,033 6535571,37.764343,128.938593,N,Y
M1Z009,남대구현대서비스,종합블루핸즈,대구광역시 달서구 성서공단로 337 (장동),053 5854488,35.837434,128.519702,Y,Y
I01G27,남대전현대서비스,종합블루핸즈,대전광역시 중구 대둔산로 477 (산성동),042 5821701,36.311363,127.388078,Y,Y
F1Z009,남동해현대상용서비스,종합블루핸즈,강원특별자치도 동해시 강원남부로 4610,033 5223058,129.115978,37.462086,N,N
I01DQ2,남문점,전문블루핸즈,충청남도 태안군 태안읍 환동로 54,041 6740477,36.751741,126.293576,N,N
Z1Z028,남부산현대상용서비스,종합블루핸즈,부산광역시 강서구 생곡산단1로 7,051 9413761,128.885919,35.135942,N,N
B04000,남부하이테크센터,하이테크센터,서울특별시 동작구 노량진로 53  대방동, 02 8909114,37.513945,126.934447,,
Z1Z014,남사현대상용서비스,종합블루핸즈,경기도 용인시 처인구 남사면 천덕산로 23,031 3351600,127.111786,37.117742,N,N
F1Z006,남속초현대서비스,종합블루핸즈,강원특별자치도 속초시 소평로 70 ,033 6365550,38.188614,128.567316,N,Y
L3Z005,남순천현대서비스,종합블루핸즈,전남광주통합특별시 순천시 해룡면 여순로 1495 ,061 8110711,127.540844,34.913678,N,Y
L1Z013,남악현대서비스,종합블루핸즈,전남광주통합특별시 무안군 삼향읍 임성로 155 ,061 2848282,126.443792,34.822947,N,N
E01DH9,남양점,전문블루핸즈,경기도 화성시 남양읍 수작이길 115,031 3559800,126.814856,37.213086,N,N
F01DG2,남양점,전문블루핸즈,강원특별자치도 삼척시 중앙로 144(남양동) ,033 5739009,37.43581,129.167817,N,Y
E1Z011,남양현대서비스,종합블루핸즈,경기도 화성시 마도면 화성로 881 ,031 3669932,37.205122,126.785329,Y,Y
L3Z004,남여수현대서비스,종합블루핸즈,전남광주통합특별시 여수시 시청로 126 ,061 6911458,34.772578,127.663538,N,Y
S01P26,남울산현대상용서비스,종합블루핸즈,울산광역시 울주군 청량읍 온산로 323 ,052 2688287,129.328653,35.466986,N,N
F1Z008,남원주현대서비스,종합블루핸즈,강원특별자치도 원주시 만대로 200-22,033 7345600,37.330894,127.924048,N,Y
J1Z006,남원현대서비스,종합블루핸즈,전북특별자치도 남원시 춘향로 162-8(용정동),063 6269933,35.426917,127.38817,Y,Y
L03DH2,남정점,전문블루핸즈,전남광주통합특별시 순천시 남산로 10 (남정동),061 7429800,127.489497,34.939667,N,N
I01G77,남천안현대서비스,종합블루핸즈,충청남도 천안시 동남구 천안천변길 79-27 (신방동),041 5785533,36.78587,127.127373,N,Y
G1M016,남천점,전문블루핸즈,충청북도 제천시 의병대로 134 (남천동),043 6465131,37.134462,128.215525,N,Y
G1Z008,남청원현대서비스,종합블루핸즈,충청북도 청주시 청원구 2순환로 463 ,043 2121023,127.470183,36.668489,N,Y
MF0D73,남촌점,전문블루핸즈,인천광역시 남동구 남촌로 122 (남촌동),032 4678008,37.431454,126.712473,N,N
N1Z008,남포항서비스㈜,종합블루핸즈,경상북도 포항시 남구 오천읍 문덕서로 177 ,054 2938204,35.960563,129.398063,Y,Y
P02DJ6,남항점,전문블루핸즈,부산광역시 영도구 절영로 42 (남항동1가),051 4151756,129.038733,35.090842,N,N
S02DK7,남해점,전문블루핸즈,경상남도 남해군 남해읍 화전로 6 ,055 8633014,34.834108,127.898664,N,N
G1M003,내덕점(주),전문블루핸즈,충청북도 청주시 청원구 1순환로 252-2(내덕동),043 2167777,127.485033,36.663339,N,Y
P3M008,내동점,전문블루핸즈,경상남도 김해시 금관대로1289번길 7 (내동),055 3278110,128.860167,35.239947,N,N
S02DJ6,내서점,전문블루핸즈,경상남도 창원시 마산회원구 내서읍 호원로 263,055 2327740,128.521439,35.256958,N,N
P03CA3,내이점,전문블루핸즈,경상남도 밀양시 시청서길 21 (내이동),055 3565151,128.743106,35.502069,N,N
I1Z019,내포현대서비스(주),종합블루핸즈,충청남도 홍성군 홍북면 홍북로453번길 50,041 6306800,36.651234,126.690024,N,Y
M01DK8,노변점,전문블루핸즈,대구광역시 수성구 고산로 69 (노변동),053 7938204,35.836934,128.703733,N,N
MA0D39,녹번서부점,전문블루핸즈,서울특별시 은평구 통일로 661 (녹번동), 02 3548186,126.933758,37.605586,N,N
MA0D01,녹번점,전문블루핸즈,서울특별시 은평구 진흥로 126 (녹번동), 02 3890404,126.924322,37.607342,N,N
L01J25,녹색현대서비스,종합블루핸즈,전남광주통합특별시 목포시 녹색로 126 ,061 2768204,34.815338,126.428077,N,N
I01DG7,논산내동점,전문블루핸즈,충청남도 논산시 시민로 175 (내동),041 7353100,36.183018,127.099227,N,N
I1Z006,논산현대서비스,종합블루핸즈,충청남도 논산시 채운면 계백로 608 (외3필지),041 7340797,36.17597,127.061597,N,N
J01DM9,농소점,전문블루핸즈,전북특별자치도 정읍시 명덕1길 89 (농소동),063533 8275,126.852514,35.5829,N,N
MB0D64,능동점,전문블루핸즈,서울특별시 광진구 능동로 247 , 02 4443690,127.07665,37.552478,N,N
E01DM1,능동점,전문블루핸즈,경기도 화성시 동탄하나2길 10 (능동),031 6134442,37.214237,127.062317,N,N
MB0D86,능평점,전문블루핸즈,경기도 광주시 오포읍 오포로 260,031 7669005,37.348555,127.190608,N,N
P2M003,다대점,전문블루핸즈,부산광역시 사하구 다대로 591 ,051 2631230,35.053659,128.971032,N,N
M01DK6,다사점,전문블루핸즈,대구광역시 달성군 다사읍 왕선로 60,053631 0365,128.464858,35.864886,N,N
B3M017,다산점,전문블루핸즈,경기도 남양주시 다산중앙로19번길 13-8 ,031 5578204,37.613947,127.154255,N,N
G01DJ8,단양점,전문블루핸즈,충청북도 단양군 단양읍 삼봉로 239,043 4231688,128.366956,36.978522,,
S1M007,달동남부점,전문블루핸즈,울산광역시 남구 삼산중로 9 (달동),052 9999299,129.336522,35.534403,N,N
S01DJ1,달동중부점,전문블루핸즈,울산광역시 남구 도산로101번길 4-8 (달동),052265 8203,129.326064,35.531564,N,N
N01DH6,달전점,전문블루핸즈,경상북도 포항시 북구 소티재로 173 (우현동),054262 8204,129.350697,36.066564,N,N
L01DK7,담양백동점,전문블루핸즈,전남광주통합특별시 담양군 담양읍 죽향대로 1092 ,061 3818272,126.981236,35.303344,N,N
L01DG3,담양점,전문블루핸즈,전남광주통합특별시 담양군 담양읍 지침6길 30-1,061383 6785,35.315769,126.986294,N,N
MA0D95,답십리점,전문블루핸즈,서울특별시 동대문구 답십리로 229 (답십리동), 0222436614,127.065906,37.572919,N,N
P01DM2,당감점,전문블루핸즈,부산광역시 부산진구 백양순환로 52 (당감동),051891 4200,129.033461,35.169281,N,N
P02DH9,당리점,전문블루핸즈,부산광역시 사하구 낙동대로 360 (당리동),051205 5656,128.978547,35.101739,N,N
Z14Z40,당산현대서비스,종합블루핸즈,서울특별시 영등포구 양평로23길 4 (양평동5가), 0226338888,37.538323,126.8921,N,Y
E5M003,당정점,전문블루핸즈,경기도 군포시 한세로78번길 37 ,031 3868204,37.345848,126.957623,N,N
I01DR4,당진중앙점,전문블루핸즈,충청남도 당진시 송산로 270-5(원당동),041 3528201,36.921135,126.652478,N,N
Z1Z031,당진현대상용서비스,종합블루핸즈,충청남도 당진시 석문면 북부산업로 3046 (통정리 1014-7),041 3550103,126.563781,36.996536,N,N
Z0ZZ96,대교시트상사,종합블루핸즈,서울특별시 용산구 원효로 107 (원효로3가), 02 7151342,126.951147,37.532065,,
I01DK9,대교점,전문블루핸즈,충청남도 홍성군 홍성읍 의사로 52번길 10,041 6349399,126.672447,36.601983,N,N
Z1Z021,대구달성현대상용서비스,종합블루핸즈,대구광역시 달성군 논공읍 비슬로262길 21,053 6177200,128.411067,35.746211,N,N
M01000,대구하이테크센터,하이테크센터,대구광역시 북구 노원로 6 (노원동3가),053 3575141,35.890033,128.564159,,
I01DP2,대동점,전문블루핸즈,대전광역시 동구 계족로 122-1 (대동),042282 0109,127.445769,36.325303,N,N
MC0D63,대림점,전문블루핸즈,서울특별시 영등포구 가마산로 374 (대림동), 02 8310944,126.899619,37.501678,N,N
G01H31,대명공업사,종합블루핸즈,충청북도 제천시 장평천로 31 (강제동),043 6462003,37.124174,128.221497,N,Y
M01DR4,대명남부점,전문블루핸즈,대구광역시 남구 현충로 110 (대명동),053 6228899,128.580292,35.842564,N,N
M01DL8,대명점,전문블루핸즈,대구광역시 남구 대명로 28(대명동),053 6248204,35.837964,128.560575,N,N
M01DQ3,대명중부점,전문블루핸즈,대구광역시 남구 성당로 286 (대명동),053 6238204,35.858368,128.574714,N,N
B4M005,대방점,전문블루핸즈,서울특별시 동작구 상도로 12 , 02 8170015,37.499734,126.921838,N,N
M01DL7,대봉점,전문블루핸즈,대구광역시 중구 이천로 200 ,053 4728204,128.598958,35.858875,N,N
E05DH2,대부점,전문블루핸즈,경기도 안산시 단원구 대선로 34 (대부북동),032 8820043,126.569083,37.268878,,
I1M016,대산대로점㈜,전문블루핸즈,충청남도 서산시 대산읍 명지2로 203 (대로리),041 6679166,126.412228,36.966411,N,N
G01DL3,대소점,전문블루핸즈,충청북도 음성군 대소면 대금로 687-2,043877 8204,36.972581,127.51255,N,N
N1M012,대신점,전문블루핸즈,경상북도 포항시 북구 선착로 2,054 2418272,129.364756,36.046881,N,N
J02DG5,대야점,전문블루핸즈,전북특별자치도 군산시 개정면 번영로 830,063 4511122,35.948723,126.803623,N,N
P01DG9,대연남부점,전문블루핸즈,부산광역시 남구 유엔로 222 (대연동),051611 8204,35.129767,129.100471,N,N
P1M007,대연점,전문블루핸즈,부산광역시 남구 진남로 66(대연동),051 7570034,35.138274,129.088105,N,N
Z21Z22,대원자동차공업(주),종합블루핸즈,인천광역시 서구 칠천왕로 36(석남동),032 5757001,126.671928,37.509567,N,N
N1M010,대이점,전문블루핸즈,경상북도 포항시 남구 효자로 134 ,054 2832211,36.011078,129.340697,N,Y
P01DJ6,대저점,전문블루핸즈,부산광역시 강서구 공항앞길221번길 17(대저2동),051 9715559,128.952183,35.172889,N,N
I01000,대전하이테크센터,하이테크센터,대전광역시 동구 동대전로 271  가양동,042 6210711,36.345048,127.445634,,
P03DH9,대청점,전문블루핸즈,경상남도 김해시 대청로 104번길 43-9,055313 4114,128.802108,35.187025,N,N
L01DM2,대호점,전문블루핸즈,전남광주통합특별시 나주시 건재로 67 (대호동 872-6),061 3338288,126.714961,35.040892,N,N
B8M002,대화로점,전문블루핸즈,경기도 고양시 일산서구 대화로 83(대화동),031 9263345,126.729983,37.668767,N,N
S01DJ3,덕계점,전문블루핸즈,경상남도 양산시 매곡외산로 78 블루핸즈 덕계점,055 3633555,129.159986,35.369931,N,N
I01DP5,덕산점,전문블루핸즈,충청남도 예산군 덕산면 덕산온천로 345,041 3388282,126.663722,36.697733,N,N
ME0D51,덕소점,전문블루핸즈,경기도 남양주시 와부읍 수레로 74,031 5772148,127.218011,37.590178,N,N
MA0DA5,덕은점,전문블루핸즈,경기도 고양시 덕양구 덕은로 37 ( 덕은동 201-1.7), 02 3538290,126.876518,37.586409,N,Y
B8Z002,덕이미래로현대서비스,종합블루핸즈,경기도 고양시 일산서구 미래로 184-17 ,031 9188272,37.694617,126.747918,N,N
B8Z003,덕이현대서비스,종합블루핸즈,경기도 고양시 일산서구 탄중로 125-1,031 9178231,37.692925,126.758831,N,N
P02DG6,덕천서부점,전문블루핸즈,부산광역시 북구 금곡대로 89(덕천동),051 3368204,129.005047,35.217939,N,N
P02DG7,덕천점,전문블루핸즈,부산광역시 북구 덕천로 147 (덕천동),051 3434684,129.020408,35.211008,N,N
P02DJ4,덕포점,전문블루핸즈,부산광역시 사상구 백양대로 690 ,051 3248870,128.988872,35.168561,N,N
B2M001,덕풍점,전문블루핸즈,경기도 하남시 덕풍동로 67 (덕풍동),031 7968204,37.548461,127.205429,N,Y
MD0D76,도곡점(주),전문블루핸즈,서울특별시 강남구 논현로57길 46 (도곡동), 0234631988,37.490786,127.037371,N,N
ME0D77,도농점,전문블루핸즈,경기도 남양주시 가운로 9 (가운동),031 5588204,127.15885,37.605417,N,N
MF0D40,도당점,전문블루핸즈,경기도 부천시 원미구 부천로 257 ,032 6678272,126.785619,37.507075,N,N
M01DG1,도량점,전문블루핸즈,경상북도 구미시 송선로 495 (도량동),054 4420083,128.322036,36.134056,N,N
MC0D09,도림점,전문블루핸즈,서울특별시 영등포구 도신로 115 (도림동), 02 8498272,126.904514,37.508294,N,N
I01DM3,도마점,전문블루핸즈,대전광역시 서구 도산로 149 (도마동),042 5356826,36.321852,127.377472,N,N
Z12Z76,도봉동부현대서비스,종합블루핸즈,서울특별시 도봉구 도봉로140길 38 (창동), 02 9008335,37.660528,127.044379,Y,N
Z12Z49,도봉서부현대서비스,종합블루핸즈,서울특별시 도봉구 도봉로136다길 32 , 02 9033900,37.660791,127.043621,Y,N
ME0D30,도봉점,전문블루핸즈,서울특별시 도봉구 도봉로180길 83-6 (도봉동),02 931 8204,127.050633,37.682261,N,N
L3M002,도양점,전문블루핸즈,전남광주통합특별시 고흥군 도양읍 우주항공로 55 블루핸즈 도양점,061 8426400,127.140189,34.528897,N,N
J01DH3,도통점,전문블루핸즈,전북특별자치도 남원시 충정로 183 (도통동),063 6261929,127.390747,35.420661,N,N
B8M009,독산점,전문블루핸즈,서울특별시 금천구 범안로 1235 (독산동), 02 8698204,126.899131,37.466661,N,N
F1Z014,동강릉현대서비스,종합블루핸즈,강원특별자치도 강릉시 월대산로 151 ,033 6520310,128.926975,37.759917,N,Y
L03T16,동광양현대서비스,종합블루핸즈,전남광주통합특별시 광양시 담안길 82 ,061 7926004,34.941194,127.750631,Y,Y
B2Z017,동광주현대서비스,종합블루핸즈,"경기도 광주시 초월읍 산수로 148, 1층",031 7671000,37.374592,127.317873,N,Y
S1Z008,동구화정현대서비스,종합블루핸즈,울산광역시 동구 방어진순환도로 603 .,052 2014100,35.495668,129.427044,N,Y
J2Z002,동군산현대서비스,종합블루핸즈,전북특별자치도 군산시 개정면 모갱이1길 62 ,063 4522111,35.984795,126.765373,N,Y
E01E37,동군포현대서비스,종합블루핸즈,경기도 군포시 당정로28번길 30 ,031 4580196,37.352677,126.958306,N,N
P03M04,동김해현대상용서비스,종합블루핸즈,경상남도 김해시 김해대로2596번길 85 ,055 3223077,128.916253,35.225581,N,N
P3Z005,동김해현대서비스,종합블루핸즈,경상남도 김해시 김해대로2553번길 62 ,055 3114651,128.905567,35.234183,N,N
G01DK9,동남점,전문블루핸즈,충청북도 청주시 상당구 목련로 213-37 ,043 2877804,36.607403,127.524373,N,Y
I1Z027,동당진현대서비스,종합블루핸즈,충청남도 당진시 신평면 서해로 7496 (도성리 187-11),041 3628411,126.726972,36.900767,N,N
M1Z004,동대구현대서비스,종합블루핸즈,대구광역시 동구 안심로55길 10 동호동,053 9635000,35.867142,128.71649,N,Y
I01DJ3,동대동부점,전문블루핸즈,충청남도 보령시 작은오랏4길 2 (동대동),041 9369969,36.347216,126.603885,N,N
I1Z022,동대전현대서비스,종합블루핸즈,대전광역시 동구 새울로 58-15 ,042 2737008,127.463425,36.323714,Y,Y
I01CA7,동대점,전문블루핸즈,충청남도 보령시 신설2길 69 (동대동),041 9368570,126.605867,36.351561,N,N
F1Z016,동동해현대서비스,종합블루핸즈,강원특별자치도 동해시 동해대로 4762 ,033 5226000,129.12155,37.476706,N,N
B3M019,동두천북부점,전문블루핸즈,경기도 동두천시 평화로2349번길 7-25 ,031 8680113,37.896341,127.05754,N,N
E01DK2,동백점,전문블루핸즈,경기도 용인시 기흥구 동백죽전대로 547 ,031 2828293,127.150042,37.287111,,
B02000,동부하이테크센터,하이테크센터,서울특별시 성동구 성수이로 134  성수동2가, 0234088000,37.546911,127.058645,,
J01DM3,동산점,전문블루핸즈,전북특별자치도 익산시 평동로 752 (동산동),063 8548204,35.927841,126.961177,N,N
P02DJ8,동삼점,전문블루핸즈,부산광역시 영도구 절영로 511 (동삼동),051405 5000,35.072675,129.071524,N,Y
ME0D59,동송점,전문블루핸즈,강원특별자치도 철원군 동송읍 금학로 6,033 4554297,38.191083,127.229019,N,N
B2Z004,동심자동차(주),종합블루핸즈,서울특별시 강동구 성내로 92 (성내동), 02 4874191,37.526451,127.129759,N,N
I1Z017,동아산현대서비스(주),종합블루핸즈,충청남도 아산시 외암로 1534-5 (풍기동),041 5471234,36.770802,127.015597,Y,N
E01E33,동안현대서비스,종합블루핸즈,경기도 안양시 동안구 시민대로 63 ,031 4226300,37.384548,126.941276,Y,N
L03T01,동여수현대서비스,종합블루핸즈,전남광주통합특별시 여수시 연등8길 23 ,061 6663271,34.756305,127.722849,Y,N
F1Z005,동영월현대서비스,종합블루핸즈,강원특별자치도 영월군  영월읍 영월로 2129,033 3730802,37.184032,128.482668,Y,N
S01P24,동울산정비,종합블루핸즈,울산광역시 동구 방어진순환도로 446 ,052 2010029,35.487418,129.416264,N,N
S02DM8,동읍점,전문블루핸즈,경상남도 창원시 의창구 동읍 의창대로 846,055 2563016,128.683508,35.276961,N,N
Z13Z58,동이천현대서비스,종합블루핸즈,경기도 이천시 대월면 경충대로1937번길 43 ,031 6370063,37.240259,127.500795,N,N
Z33Z08,동인천서비스,종합블루핸즈,인천광역시 제물포구 인중로 43 ,032 8844001,37.463571,126.637918,Y,Y
S2M014,동전산단점,전문블루핸즈,경상남도 창원시 의창구 북면 동전산단서로42번길 7-4 ,055 2988207,128.603694,35.316147,N,N
J1Z007,동전주현대서비스,종합블루핸즈,전북특별자치도 완주군 봉동읍 봉동로 461 ,063 2623600,35.955241,127.142015,N,Y
S2Z001,동진주현대서비스,종합블루핸즈,경상남도 진주시 대신로109번길 9 ,055 7632506,35.169945,128.117393,N,Y
M01DQ5,동천점,전문블루핸즈,대구광역시 북구 동천로23길 31 (동천동),053 3238204,128.557022,35.942128,N,Y
E1M016,동탄남부점,전문블루핸즈,경기도 화성시 동탄기흥로257번가길 39 (방교동) ,031 3721868,37.179891,127.091574,N,N
E1Z019,동탄산단현대서비스,종합블루핸즈,경기도 화성시 장주기길 5 ,031 3764966,127.079889,37.161781,,
E1M018,동탄장지점,전문블루핸즈,"경기도 화성시 동탄대로2길 90-15 ,17,47 ",031 3731522,127.113247,37.155558,N,Y
E1M009,동탄중부점,전문블루핸즈,경기도 화성시 동탄대로14길 5-3,031 3786003,37.185151,127.101634,N,Y
E1Z013,동탄현대서비스,종합블루핸즈,경기도 용인시 기흥구 공세로 25 ,031 2755100,37.229742,127.10359,Y,Y
MA0D59,동패점,전문블루핸즈,경기도 파주시 동패로7번길 52 (동패동),031 9477884,126.734389,37.709189,N,N
T01DH9,동홍점,전문블루핸즈,제주특별자치도 서귀포시 516로 103 ,064 7631475,33.255245,126.57315,N,N
F1Z007,동횡성 현대서비스,종합블루핸즈,강원특별자치도 횡성군 둔내면 둔방남길 13(외2필지),033 3442112,37.503035,128.205891,Y,Y
M01DQ1,두산점,전문블루핸즈,대구광역시 수성구 지범로 41-4 (두산동),053 7610010,35.826955,128.626316,N,Y
L1M012,두암점,전문블루핸즈,전남광주통합특별시 북구 면앙로 160 ,062 2616444,126.928953,35.175928,N,N
B1Z004,두원현대서비스,종합블루핸즈,경기도 파주시 조리읍 통일로 477-14,031 9482121,37.755522,126.801276,N,N
I01DN1,두정점,전문블루핸즈,충청남도 천안시 서북구 원두정8길 8(두정동),041 5228204,127.134489,36.832406,N,N
I01DL7,둔산동부점,전문블루핸즈,대전광역시 서구 문정로9번길 10-12 ,042 4768204,36.345885,127.38127,N,N
I01DQ4,둔포점,전문블루핸즈,충청남도 아산시 둔포면 충무로 1853,041 5313127,127.043314,36.932439,N,N
B7Z006,등촌현대서비스,종합블루핸즈,서울특별시 강서구 공항대로59길 65, 0236621416,126.863028,37.554689,N,N
B7Z004,롯데칠성신협양평분점,종합블루핸즈,서울특별시 영등포구 양평로24길 33(양평동5가), 0226330771,126.893934,37.541096,N,N
L03DG7,마동점,전문블루핸즈,전남광주통합특별시 광양시 눈소5길 3 (마동),061 7944111,34.937537,127.707821,N,N
S02DK9,마산상남점,전문블루핸즈,경상남도 창원시 마산합포구 천하장사로 96 (상남동),055 2229114,35.21102,128.573437,N,N
S2Z002,마산현대서비스,종합블루핸즈,경상남도 창원시 마산회원구 무역로 161(봉암동),055 2533113,35.211899,128.6036,Y,Y
Z13Z34,마장동부현대서비스,종합블루핸즈,서울특별시 성동구 고산자로 354 , 0222920105,127.038411,37.571106,N,N
Z19Z08,마장현대서비스,종합블루핸즈,서울특별시 성동구 마조로18길 2 (마장동), 0222932020,127.041981,37.564694,N,N
MF0D32,마전점,전문블루핸즈,인천광역시 서구 완정로 64번길 56 (마전동),032568 1033,126.672942,37.595653,N,N
P02DK5,만덕점,전문블루핸즈,부산광역시 북구 만덕1로 87 ,051 3318204,35.213599,129.028099,N,N
MF0D07,만수중부점,전문블루핸즈,인천광역시 남동구 서판로4번길 19 ,032 4623344,37.460624,126.724204,N,N
E05H20,만안현대서비스,종합블루핸즈,경기도 안양시 만안구 박달로 473 ,031 4478400,37.402743,126.904921,Y,N
S01P17,만장공업사,종합블루핸즈,울산광역시 울주군 온양읍 덕망로 290 ,052 2380002,129.292086,35.454644,N,N
M1M002,만촌동부점,전문블루핸즈,"대구 수성구 만촌동  425-31,33",053 7528572,35.866599,128.638588,N,N
M1M001,만촌점,전문블루핸즈,대구광역시 수성구 달구벌대로 2543 (만촌동),053759 8204,35.859278,128.640901,N,N
P01DJ5,망미동부점,전문블루핸즈,부산광역시 수영구 좌수영로 113 (망미동),051 7587080,129.119067,35.174375,N,N
P1M004,망미서부점,전문블루핸즈,부산광역시 수영구 연수로 322 (망미동),051 7578204,129.105714,35.171958,N,N
S1M009,매곡점,전문블루핸즈,울산광역시 북구 신기15길 14 ,052 2728204,35.646801,129.355677,N,Y
E01DK4,매송점,전문블루핸즈,경기도 화성시 매송면 화성로 2371-4,031292 2244,126.924986,37.249825,N,N
E01DG4,매탄점,전문블루핸즈,경기도 수원시 영통구 매탄동 1-1,031 2131717,127.057217,37.271181,N,N
ME0D76,면목동부점,전문블루핸즈,서울특별시 중랑구 동일로 596 (면목동),02 491 8272,127.080131,37.583575,,
P3M004,명동점,전문블루핸즈,경상남도 양산시 서창로 89 ,055 3868572,129.165694,35.409031,N,N
MB0D05,명일동부점,전문블루핸즈,서울특별시 강동구 상암로 295 (명일동), 02 4427784,127.155292,37.546456,N,N
MB0D03,명일점,전문블루핸즈,서울특별시 강동구 상암로 197, 02 4887784,37.546666,127.144462,N,N
P02DJ5,명지점,전문블루핸즈,부산광역시 강서구 명지새동네길1번길 12 (명지동),051271 3535,128.931217,35.109081,N,N
S01DK5,명촌점,전문블루핸즈,울산광역시 북구 명촌8길35,052 2899945,35.553756,129.357459,N,Y
P02DJ2,모라점,전문블루핸즈,부산광역시 사상구 사상로 501 (모라동),051 3058787,35.18937,128.988101,N,N
M01DP4,모전서부점,전문블루핸즈,경상북도 문경시 당교로 216 (모전동),054 5532902,36.585141,128.186665,N,N
M01DJ6,모전점,전문블루핸즈,경상북도 문경시 모전로 150 (모전동),054 5558272,128.188975,36.594408,,
E01DN9,모현점,전문블루핸즈,"경기도 용인시 처인구 모현면 백옥대로 2529-1, 외2필지",031 3326400,127.249028,37.349131,N,N
J01DL7,모현점,전문블루핸즈,전북특별자치도 익산시 동서로 110 (모현동2가),063 8424935,35.95535,126.946923,N,N
E05DK1,목감점,전문블루핸즈,경기도 시흥시 수인로 2331-17 ,031 4848285,126.861433,37.386722,N,N
MC0D68,목동서부점,전문블루핸즈,서울특별시 양천구 등촌로 128 (목동), 0226537093,126.863778,37.541444,N,N
I01DH7,목상점,전문블루핸즈,대전광역시 대덕구 대덕대로 1508 (목상동),042 9352110,127.415842,36.449322,N,N
L01DG8,목포산정점,전문블루핸즈,전남광주통합특별시 목포시 용당로 8 (산정동),061 2428207,34.78835,126.402255,N,N
Z1Z029,목포현대상용서비스,종합블루핸즈,전남광주통합특별시 영암군 삼호읍 대불역로 219 ,061 4640077,126.446417,34.780114,N,N
S1M002,무거점,전문블루핸즈,울산광역시 남구 남부순환도로 1 (무거동),052 2224454,129.264122,35.549361,N,Y
L01DG6,무안점,전문블루핸즈,전남광주통합특별시 무안군 무안읍 공항로 27,061454 1177,126.478794,34.992861,N,N
M01DJ7,무양점,전문블루핸즈,경상북도 상주시 경상대로 3063-9 (무양동),054 5339011,128.150064,36.421064,N,N
J01DH1,무주점,전문블루핸즈,전북특별자치도 무주군 무주읍 한풍루로 295,063 3241951,127.658408,36.003442,N,N
M01L99,문경현대상용서비스,종합블루핸즈,경상북도 문경시 신기공단2길 5 ,054 5541422,128.171978,36.636278,N,N
N1M005,문덕점,전문블루핸즈,경상북도 포항시 남구 오천읍 냉천로 480-1 ,054 2928204,129.405469,35.952344,N,N
B7Z002,문래현대서비스,종합블루핸즈,서울특별시 영등포구 경인로 780 , 0226753000,37.513709,126.900208,N,Y
Z11Z49,문산동부현대서비스,종합블루핸즈,경기도 파주시 문산읍 우계로 430-13 ,031 9522373,37.857924,126.796357,N,N
MA0D67,문산점,전문블루핸즈,경기도 파주시 파주읍 충현로 42-8,031 9527304,126.793339,37.849356,N,N
MB0D85,문정점,전문블루핸즈,서울특별시 송파구 새말로 110 (문정동),02 449 9021,127.126261,37.482592,N,N
P1M006,문현점,전문블루핸즈,부산광역시 남구 문현로 12(문현동),051 6463838,35.14022,129.072113,N,N
MB0D75,문형점,전문블루핸즈,경기도 광주시 오포읍 오포로520번길 12,031 7664878,127.213722,37.344961,N,N
J2M003,문화점,전문블루핸즈,전북특별자치도 군산시 팔마로 12 (문화동),063 4614666,126.702453,35.973425,N,N
I01CB2,문화점,전문블루핸즈,대전광역시 중구 산성로 138 (문화동),042582 1199,127.401994,36.311853,N,N
B2M010,미사점,전문블루핸즈,경기도 하남시 미사강변한강로 319 ,031 80278839,127.200031,37.562269,N,N
ME0D63,미아점,전문블루핸즈,서울특별시 강북구 솔샘로 303 (미아동),02 945 8204,127.026072,37.618056,N,N
J2M001,미장점,전문블루핸즈,전북특별자치도 군산시 미장8길 2 ,063 4517104,35.959956,126.731203,N,N
MB0D01,미조프라자,전문블루핸즈,경기도 성남시 분당구 판교로479번길 15(야탑동),031 7098204,127.125975,37.405756,N,N
L03DG4,미평점,전문블루핸즈,전남광주통합특별시 여수시 만성로 111-1 (미평동),061 6515111,127.707797,34.771428,N,N
ME0D43,민락점,전문블루핸즈,경기도 의정부시 용민로122번길 10-5 (민락동),031 8514119,127.091161,37.739697,N,N
P1M009,민락점,전문블루핸즈,부산광역시 수영구 광남로 264(민락동),051 9510488,35.159652,129.127503,N,Y
E05DJ3,박달점,전문블루핸즈,경기도 안양시 만안구 양화로151번길 10 (박달동),031448 0951,126.908011,37.405994,N,N
E05H21,박달현대서비스,종합블루핸즈,"경기도 안양시 만안구 박달로275번길 41 (박달동 782,783번지)",031 4423113,126.884689,37.406061,Y,N
MF0D66,박촌점,전문블루핸즈,인천광역시 계양구 서부간선로 289 (박촌동),032 5418204,126.748206,37.556422,N,N
S01DG9,반구중부점,전문블루핸즈,울산광역시 중구 구교로 133 ,052 2925600,35.557066,129.338386,N,N
E1M004,반송동부점,전문블루핸즈,경기도 화성시 10용사3길 4 ,03180153352,127.066278,37.194539,N,N
P01DL6,반송점,전문블루핸즈,부산광역시 해운대구 반송로 834 (반송동),051 5448255,129.147111,35.228028,N,N
E1M001,반송점(주),전문블루핸즈,경기도 화성시 10용사로 416 (반송동),03180038272,37.199309,127.063426,N,N
E01DH5,반송중부점,전문블루핸즈,경기도 화성시 노작로3길 37 (반송동),03180151239,127.077519,37.196289,N,N
P01DL9,반여중부점,전문블루핸즈,부산광역시 해운대구 선수촌로157번길 20 (반여동),051528 8204,129.121608,35.207667,,
E05DM9,반월점,전문블루핸즈,경기도 안산시 상록구 반월로 34 (건건동 895-16),031 5010093,126.903956,37.302853,N,N
E01DK3,반월점,전문블루핸즈,경기도 용인시 기흥구 서천로202번길 7-16(농서동),031 2737600,127.070011,37.228914,N,N
E01DH6,발안점,전문블루핸즈,경기도 화성시 향남읍 발안만세길 67,031354 8204,37.129648,126.900075,N,N
MD0D59,방배동부점,전문블루핸즈,서울특별시 서초구 효령로 57 (방배동),02 34868204,126.990611,37.479397,N,N
MD0D66,방배중부점,전문블루핸즈,서울특별시 서초구 서초대로 82 (방배동), 0234878204,37.486688,126.991475,N,N
B4Z004,방배현대서비스,종합블루핸즈,서울특별시 서초구 과천대로 904 , 02 5258711,126.983625,37.471667,N,N
MB0D04,방이점,전문블루핸즈,서울특별시 송파구 오금로27길 49 (방이동), 02 4158272,127.120664,37.510189,N,N
B2Z012,방이현대서비스,종합블루핸즈,서울특별시 송파구 백제고분로51길 27 , 02 4241181,127.112644,37.516564,N,N
M01DP2,방촌점,전문블루핸즈,대구광역시 동구 화랑로 399 ,053 9818022,35.877132,128.667617,N,N
I1M011,방축점(주),전문블루핸즈,충청남도 아산시 신정로 757 (방축동),041 5348204,126.988603,36.784272,N,N
MC0D35,방화점,전문블루핸즈,서울특별시 강서구 양천로 59 (방화동), 0226628355,126.810397,37.573692,N,N
I1M003,배방점,전문블루핸즈,충청남도 아산시 배방읍 북수로 108,041 5410831,36.773588,127.07278,N,N
MA0D40,백석점,전문블루핸즈,경기도 고양시 일산동구 백석로85번길 5-4 백석점블루핸즈,031 9042839,126.786675,37.648083,N,N
I1Z008,백석현대서비스,종합블루핸즈,충청남도 천안시 서북구 음봉로 909-17 (백석동),041 6226500,36.825102,127.106187,N,Y
E01DL8,백암점,전문블루핸즈,경기도 용인시 처인구 백암면 죽양대로 1203,031 3225325,127.374789,37.169511,,
N1M009,백천점,전문블루핸즈,경상북도 경산시 백천길 2 ,053 8160082,35.807279,128.741494,N,N
L03T23,벌교자동차정비공업사,종합블루핸즈,전남광주통합특별시 보성군 벌교읍 분토길 4,061 8583900,127.347458,34.833683,N,N
L03DJ1,벌교점,전문블루핸즈,전남광주통합특별시 보성군 벌교읍 홍암로 116-3,061857 8204,127.354725,34.846767,N,N
P01DK8,범일점,전문블루핸즈,부산광역시 동구 중앙대로 498-1 (범일동),051 6378898,35.137693,129.056847,N,Y
ME0D66,별내점,전문블루핸즈,경기도 남양주시 두물로27번길 5 ,031 5722233,127.127356,37.656306,N,N
B3Z008,별내현대서비스,종합블루핸즈,경기도 남양주시 송산로 356(별내동),07044595259,37.673389,127.13436,Y,N
I1M012,병천점(주),전문블루핸즈,충청남도 천안시 동남구 병천면 충절로 1723,041 5618204,36.763791,127.297126,N,N
E01DN7,보라점,전문블루핸즈,경기도 용인시 기흥구 민속촌로 17 (보라동),031 2812221,37.255251,127.10701,N,N
I01G73,보령현대서비스,종합블루핸즈,충청남도 보령시 신대목재길 6 (신흑동),041 9315225,36.317784,126.537695,N,N
L03DJ7,보성점,전문블루핸즈,전남광주통합특별시 보성군 보성읍 송재로 227 ,061 8520707,127.083989,34.775119,N,N
G01DG7,보은점,전문블루핸즈,충청북도 보은군 보은읍 죽전제방길 22-19,043 5445294,127.723189,36.477839,,
M01DN7,복룡점,전문블루핸즈,경상북도 상주시 복룡3길 18 (복룡동),054 5324700,128.172969,36.417342,N,N
MB0D95,복정남부점,전문블루핸즈,경기도 성남시 수정구 복정로 24 (복정동),031753 7300,127.127578,37.455142,N,N
M01CA2,본리점,전문블루핸즈,대구광역시 달서구 구마로 73 (본리동),053523 2211,35.837762,128.53562,N,N
E05DG1,본오점,전문블루핸즈,경기도 안산시 상록구 충장로 74 (본오동),031418 9759,126.857314,37.288347,N,N
L03DK2,봉계점,전문블루핸즈,전남광주통합특별시 여수시 여수산단로 32 (봉계동),061 6821600,127.663786,34.786931,N,N
M01DR2,봉곡점,전문블루핸즈,경상북도 구미시 봉곡남로 35 ,054 4537507,36.150716,128.306951,N,N
S02DJ8,봉곡점,전문블루핸즈,경상남도 창원시 의창구 지귀로24번길 14 (봉곡동),055 2762580,128.650947,35.244619,N,N
E01DP1,봉담남부점,전문블루핸즈,경기도 화성시 봉담읍 삼천병마로 1307-9,031 2788204,126.950242,37.221861,N,N
E01DM5,봉담점,전문블루핸즈,경기도 화성시 봉담읍 와우안길 108,031 8988204,126.974128,37.220536,N,N
I01DL4,봉명점,전문블루핸즈,대전광역시 유성구 유성대로654번길 192 (봉명동),042 8230119,127.339386,36.350003,N,N
G01DH8,봉방서부점,전문블루핸즈,충청북도 충주시 애향로 9 (봉방동),043 8438204,127.911531,36.975375,N,N
L1M013,봉선점,전문블루핸즈,전남광주통합특별시 남구 제석로 117-2 ,062 6712878,35.125126,126.907523,N,Y
S2M003,봉평점,전문블루핸즈,경상남도 통영시 도남로 103 (봉평동),055645 4979,128.415783,34.831447,N,N
P3M009,봉황점,전문블루핸즈,경상남도 김해시 김해대로 2272번안길 35(봉황동),055 7242112,128.879014,35.223683,N,N
F01DL7,부곡점,전문블루핸즈,강원특별자치도 동해시 임항로 85 (부곡동),033533 8561,129.110325,37.540456,N,N
P01DH2,부곡점,전문블루핸즈,부산광역시 금정구 중앙대로 1594 (부곡동),051 5188887,35.226685,129.089976,N,N
P02DJ1,부민점,전문블루핸즈,부산광역시 서구 구덕로222번길 16 (부민동1가),051256 8270,35.104214,129.020961,N,N
B2M008,부발신하점,전문블루핸즈,경기도 이천시 부발읍 경충대로 2170,031 6388885,127.485092,37.257592,N,N
MB0D35,부발점,전문블루핸즈,경기도 이천시 부발읍 경충대로 1754,031 6378504,127.519336,37.235361,N,N
P2Z003,부산강서현대상용서비스,종합블루핸즈,부산광역시 강서구 녹산산업북로 169,051 3114400,128.843219,35.098322,N,N
P01000,부산하이테크센터,하이테크센터,부산광역시 연제구 중앙대로 1168  거제동,051 8504000,35.192115,129.081466,,
J01DK7,부송점,전문블루핸즈,전북특별자치도 익산시 무왕로 1290 (부송동),063 8318204,35.960579,126.999737,N,N
MF0D42,부평점,전문블루핸즈,인천광역시 부평구 장제로 183 (부평동),032 5117784,126.730414,37.502044,N,N
D1Z009,부평현대서비스,종합블루핸즈,인천광역시 부평구 부평북로 33 (청천동),032 5192666,37.522747,126.696697,N,N
MA0D33,북가좌점,전문블루핸즈,서울특별시 서대문구 수색로 145 (북가좌동), 02 3089993,126.904569,37.575244,N,N
F1Z015,북강릉현대서비스,종합블루핸즈,강원특별자치도 강릉시 사임당로 556 북강릉현대서비스,033 6450001,128.8521,37.787978,N,N
M1Z010,북구미현대서비스(주),종합블루핸즈,경상북도 구미시 산동면 옥계2공단로 640,054 4719200,128.416472,36.161517,Y,N
S1Z003,북구진장현대서비스,종합블루핸즈,울산광역시 북구 진장2길 19 ,052 2830012,35.569915,129.359352,Y,Y
I1Z026,북대전현대상용서비스,종합블루핸즈,대전광역시 대덕구 대전로 1324 ,042 6341122,127.420703,36.371989,N,Y
F01F32,북동해현대상용서비스,종합블루핸즈,강원특별자치도 동해시 삼화로 58 ,033 5348882,129.063131,37.484425,N,N
S2M001,북변점,전문블루핸즈,경상남도 남해군 남해읍 화전로 123-7,055863 6633,127.893722,34.842836,N,N
Z11Z37,북부일산자동차서비스(주),종합블루핸즈,경기도 고양시 일산서구 경의로 939 (덕이동),031 9229000,37.701464,126.759324,Y,N
B03000,북부하이테크센터,하이테크센터,서울특별시 도봉구 방학로 76  방학동, 0234998300,37.663355,127.044101,,
L1Z011,북부현대서비스,종합블루핸즈,전남광주통합특별시 광산구 도천남길 213 북부현대서비스(주),062 9728204,35.213914,126.81967,N,Y
M1Z005,북삼현대서비스,종합블루핸즈,경상북도 칠곡군 북삼읍 금오대로 120,054 9746662,128.344864,36.056558,N,N
G1Z003,북세종현대서비스,종합블루핸즈,세종특별자치시 연서면 당산로 487,044 9987988,36.573781,127.289643,Y,Y
S02CA6,북신점,전문블루핸즈,경상남도 통영시 원문로 38 ,055 6488517,128.424642,34.857811,N,N
S1Z006,북울산현대상용서비스,종합블루핸즈,울산광역시 북구 죽전로 21 (효문동),052 2891001,129.366558,35.565578,N,N
G01H33,북제천현대서비스,종합블루핸즈,충청북도 제천시 내토로 891 ,043 6460589,128.228333,37.156031,N,N
I1Z013,북천안현대서비스(주),종합블루핸즈,충청남도 천안시 서북구 신당새터2길 28 (신당동),041 5238204,36.850943,127.158182,N,Y
F1Z013,북춘천현대서비스,종합블루핸즈,강원특별자치도 춘천시 동면 하일길 215-4 ,033 2572338,127.752392,37.903433,N,Y
N1Z003,북포항현대서비스,종합블루핸즈,경상북도 포항시 북구 청하면 동해대로 2353 ,054 2328204,36.179578,129.340218,Y,N
MB0DA7,분당점(주),전문블루핸즈,경기도 성남시 분당구 장안로25번길 6-8 (분당동),031 7077722,127.142747,37.370069,N,N
B2Z013,분당현대서비스,종합블루핸즈,경기도 성남시 분당구 돌마로 569 (서현동),031 7075033,37.383875,127.137991,N,Y
G01DL1,분평점,전문블루핸즈,충청북도 청주시 서원구 1순환로 1029,043 2848205,127.481478,36.607939,N,N
MA0D02,불광점,전문블루핸즈,서울특별시 은평구 연서로 303 (불광동), 02 3550404,126.927019,37.622764,N,N
B7Z003,비케이프라임산업(주),종합블루핸즈,서울특별시 금천구 범안로 17길67, 02 8584729,126.893114,37.4695,N,N
L01DM7,빛가람점,전문블루핸즈,전남광주통합특별시 나주시 석전2길 42 (빛가람동),061 3328577,126.777317,35.023617,N,N
L1M003,빛고을현대서비스(주),종합블루핸즈,전남광주통합특별시 광산구 풍영정길 333(신창동) ,062 5158582,35.194687,126.854437,N,Y
M01DM5,사곡점,전문블루핸즈,경상북도 구미시 상모로1길 68-1(사곡점),054 4648204,128.354989,36.094758,N,N
E05DP2,사동중앙점,전문블루핸즈,경기도 안산시 상록구 항가울로 170 (사동),031408 8572,126.842939,37.296017,N,N
S2M009,사림점,전문블루핸즈,경상남도 창원시 의창구 사림로158번길 16-7(사림동),055 2810670,128.6842,35.242678,N,N
F01DK5,사북점,전문블루핸즈,강원특별자치도 정선군 사북읍 지장천로 457 ,033 5920909,128.798972,37.227247,,
P02N36,사상감전현대서비스,종합블루핸즈,부산광역시 사상구 학감대로237번길 13 ,051 3130501,35.152177,128.989343,Y,Y
P02000,사상하이테크센터,하이테크센터,부산광역시 사상구 가야대로 86  학장동,051 3091300,35.150382,128.982038,,
D1M006,사우점,전문블루핸즈,경기도 김포시 중구로 14,031 9971900,37.6226,126.71138,N,N
P01DH3,사직점,전문블루핸즈,부산광역시 동래구 여고로 32 (사직동),051 5068204,35.195268,129.067453,N,N
G01CA2,사직점,전문블루핸즈,충청북도 청주시 서원구 사운로 115,043 2718204,127.478736,36.639361,N,N
S02DN5,사천점,전문블루핸즈,경상남도 사천시 사천읍 동문1길 87,055852 7772,35.085521,128.096665,N,N
M01DH4,산격점,전문블루핸즈,대구광역시 북구 동북로 192 (산격동),053 9570188,128.613306,35.897883,N,N
MF0D50,산곡점,전문블루핸즈,인천광역시 부평구 마장로 249 (산곡동),032513 3989,126.702417,37.500356,N,N
E5M002,산본동부점,전문블루핸즈,경기도 군포시 엘에스로182번길 36 ,031 4519844,37.37753,126.941778,N,N
E01CA2,산본점,전문블루핸즈,경기도 군포시 고산로 735-3 (산본동),031397 7113,126.938322,37.374711,N,N
J02DG4,산북점,전문블루핸즈,전북특별자치도 군산시 칠성안3길 4(산북동),063 4662244,126.67355,35.959544,N,N
MB0D15,산성점,전문블루핸즈,경기도 성남시 수정구 희망로 528 (산성동),031744 8204,127.152033,37.450608,N,N
L01CA1,산수점,전문블루핸즈,전남광주통합특별시 동구 필문대로 112 (산수동),062 5288572,35.160589,126.930085,N,N
L01CA3,산정점,전문블루핸즈,전남광주통합특별시 광산구 산정공원로81번길 30 (산정동),062955 8204,126.804694,35.175072,N,N
S02Q54,산청현대서비스,종합블루핸즈,경상남도 산청군 산청읍 친환경로2720번길 91 ,055 9737676,35.414381,127.886648,N,Y
P02N27,삼덕정비㈜,종합블루핸즈,부산 사상구 감전동 162-10,051 3153225,128.982608,35.151242,N,N
P02DH2,삼락점,전문블루핸즈,부산광역시 사상구 운산로 15 (삼락동),051303 8572,128.978761,35.169575,N,N
P03DG6,삼방점,전문블루핸즈,경상남도 김해시 삼안로 147 (삼방동),055 3264510,128.914069,35.241672,N,N
S01DG6,삼산남부점,전문블루핸즈,울산광역시 남구 정동로6번길 19 (삼산동),052 2762276,35.534939,129.345796,N,N
MF0D51,삼산점,전문블루핸즈,인천광역시 부평구 장제로 337-1 (삼산동),032506 7784,37.515839,126.73172,N,N
S1Z001,삼산현대서비스,종합블루핸즈,울산광역시 남구 화합로 236 ,052 2735600,35.54535,129.339467,N,Y
B1Z005,삼송현대서비스,종합블루핸즈,경기도 고양시 덕양구 큰골길 10(오금동), 02 3819955,37.664773,126.895609,Y,Y
MA0D63,삼원로점,전문블루핸즈,경기도 고양시 덕양구  삼원로 34(삼송동), 02 3710808,126.875567,37.642728,N,N
Z21Z57,삼일자동차써비스(주),종합블루핸즈,인천광역시 제물포구 축항대로290번길 120 ,032 8853221,126.621081,37.438692,N,N
S02Q61,삼천포현대서비스,종합블루핸즈,경상남도 사천시 삼천포대교로 577 ,055 8337610,34.949503,128.077398,N,N
S2M013,삼칠점,전문블루핸즈,경상남도 함안군 칠서면 삼칠로 233 ,055 5863753,35.314619,128.511813,N,N
B2M004,삼평점,전문블루핸즈,경기도 성남시 분당구 판교역로241번길 22 (삼평동),03180228204,127.106817,37.402756,N,N
T1M005,삼화점,전문블루핸즈,제주특별자치도 제주시 연삼로 910,064 7230337,33.511897,126.583179,N,N
I01DN9,삽교점,전문블루핸즈,충청남도 예산군 삽교읍 윤봉길로 1577,041 3383742,126.744919,36.690747,N,N
L01J58,삽진현대서비스,종합블루핸즈,전남광주통합특별시 목포시 대양로13번길 12 ,061 2787103,126.383169,34.823322,N,N
ME0D74,상계서부점,전문블루핸즈,서울특별시 노원구 수락산로 57 (상계동),02 930 8202,127.070539,37.666961,N,N
P3M002,상남점,전문블루핸즈,경상남도 밀양시 상남면 밀양대로 1486-1,055 3545856,35.464428,128.757736,N,N
S02DH9,상대점,전문블루핸즈,경상남도 진주시 모덕로 195 (상대동),055761 8611,128.115264,35.188433,N,N
MD0D26,상도점,전문블루핸즈,서울특별시 동작구 상도로 386 , 02 8224331,37.494576,126.954716,N,N
N01DG6,상도점,전문블루핸즈,경상북도 포항시 남구 포스코대로 319 (상도동),054 2728205,36.019019,129.35892,N,N
B4M010,상도중앙점,전문블루핸즈,서울특별시 동작구 상도로 226 , 02 8138204,37.505067,126.943799,N,N
MF0D82,상동동부점,전문블루핸즈,경기도 부천시 원미구 부일로276번길 12 ,032 6518204,37.487771,126.760388,N,N
M01DR5,상동점,전문블루핸즈,대구광역시 수성구 수성로 17 (상동),053 7618572,128.610083,35.8271,N,N
MF0D64,상동중부점,전문블루핸즈,경기도 부천시 원미구 상이로9번길 7-4 ,032 3218204,126.743747,37.489458,N,N
E5Z005,상록현대서비스,종합블루핸즈,경기도 안산시 상록구 오목로 165,031 4097788,37.291311,126.87585,Y,Y
I01DH9,상서점,전문블루핸즈,대전광역시 대덕구 신탄진로 607(상서동),042 9334972,127.423283,36.433039,N,N
S1M006,상안점,전문블루핸즈,울산광역시 북구 신답1길 9-5 (상안동),052 2941844,35.628477,129.344261,N,N
Z14Z39,상암현대서비스,종합블루핸즈,서울특별시 마포구 모래내로3길 19 , 02 3746437,37.56598,126.903627,N,Y
M01M02,상주현대서비스,종합블루핸즈,경상북도 상주시 북상주로 102 (죽전동),054 5359003,36.43853,128.159023,Y,N
S02DJ7,상평점,전문블루핸즈,경상남도 진주시 도동로 8 .,055 7538588,128.123567,35.170769,N,N
E01DK6,상하점,전문블루핸즈,경기도 용인시 기흥구 중부대로 804 (상하동),031 2810018,127.143122,37.256867,,
E01DP3,상현점,전문블루핸즈,경기도 용인시 기흥구 이현로 71-1(보정동) ,031 2653337,127.093722,37.309381,N,N
F01F34,새한자동차공업사,종합블루핸즈,강원특별자치도 양양군 양양읍 남문1길 3,033671 7740,128.624764,38.076064,N,Y
L1Z008,서광주현대서비스(유),종합블루핸즈,"전남광주통합특별시 서구 죽봉대로 9, 1층(화정동)",062 3658204,126.882969,35.153894,Y,N
M01L37,서구미현대서비스,종합블루핸즈,경상북도 구미시 선기로3길 44 남통동 ,054 4575055,128.316978,36.127864,N,N
T1M006,서귀점,전문블루핸즈,제주특별자치도 서귀포시 정방로 25(서귀동),064 7334004,33.24649,126.568707,N,N
T01T07,서귀포천지현대서비스,종합블루핸즈,제주특별자치도 서귀포시 토평공단로139번길 6 ,064 7320070,33.293548,126.581507,N,N
M1Z020,서김천현대서비스,종합블루핸즈,경상북도 김천시 속구미길 65(신음동),054 4331154,36.12911,128.133496,Y,N
Z1Z033,서김해현대상용서비스,종합블루핸즈,경상남도 김해시 서김해산단안길 105 ,055 9020100,128.844478,35.212708,N,N
P3Z003,서김해현대서비스,종합블루핸즈,경상남도 김해시 주촌면 서부로 1474-11 ,055 7241980,35.229205,128.820029,Y,Y
M01L69,서대구현대상용서비스,종합블루핸즈,대구광역시 달서구 성서공단로 72-19 ,053 5855900,128.491008,35.832853,N,N
M01L63,서대구현대서비스,종합블루핸즈,대구광역시 서구 와룡로 319 ,053 5622662,35.861389,128.536504,Y,N
P02DK2,서대신점,전문블루핸즈,부산광역시 서구 대신로 107 (서대신동3가),051253 8204,129.013269,35.116872,N,N
S1M008,서동점,전문블루핸즈,울산광역시 중구 북부순환도로 895 (서동) ,052 2931472,129.347875,35.580911,N,Y
M01DR6,서변점,전문블루핸즈,대구광역시 북구 호국로 237 (서변동),053 9398572,128.599086,35.922878,N,N
P03000,서부산하이테크센터,하이테크센터,경상남도 김해시 김해대로 2736  지내동,055 3201472,35.226434,128.923184,,
J1Z011,서부안현대서비스,종합블루핸즈,전북특별자치도 부안군 부안읍 순환남로 571 ,063 5847873,126.755606,35.710911,Y,Y
L1Z009,서부현대서비스,종합블루핸즈,전남광주통합특별시 서구 풍서좌로 247 ,062 6753111,35.126692,126.842607,N,Y
I01G81,서산현대서비스,종합블루핸즈,충청남도 서산시 수석순환로 5 (수석동),041 6650611,36.781471,126.497397,N,Y
S01DL1,서생점,전문블루핸즈,울산광역시 울주군 서생면 해맞이로 1622,052 2380091,129.340033,35.386019,N,N
S02DK8,서성점,전문블루핸즈,경상남도 창원시 마산합포구 남성로 21,055 2430043,128.5703,35.203797,N,N
M1Z011,서안동현대서비스,종합블루핸즈,경상북도 안동시 풍산읍 풍산태사로 773,054 8593434,36.589197,128.546581,N,N
MF0D34,서운점,전문블루핸즈,인천광역시 계양구 살라리로1번길 2 ,032 5548572,126.744856,37.537264,N,N
Z13Z47,서울숲현대서비스,종합블루핸즈,서울특별시 성동구 왕십리로16길 26 (성수동 1가), 02 4641885,127.047,37.551106,N,N
Z15Z21,서울자동차서비스,종합블루핸즈,서울특별시 강남구 선릉로93길 46 (역삼동), 02 5542085,127.044892,37.504428,N,N
F1Z010,서원주현대서비스,종합블루핸즈,강원특별자치도 원주시 봉화로 145 (단계동),033 7339800,37.357763,127.927967,N,Y
Z15Z20,서이천현대서비스,종합블루핸즈,경기도 이천시 이섭대천로 1334 (증포동),031 6312881,37.287695,127.452521,N,N
J01K39,서익산현대서비스,종합블루핸즈,전북특별자치도 익산시 군익로 446-1 ,063 8550020,35.943112,126.93433,Y,Y
D1Z005,서인천종합서비스,종합블루핸즈,인천광역시 서구 원석로 160,032 5818601,37.509602,126.642368,N,Y
J1Z005,서전주현대서비스(유),종합블루핸즈,전북특별자치도 전주시 덕진구 온고을로 438-1 1층(만성동),063 7143888,35.850932,127.08266,N,Y
G01H24,서천안현대서비스,종합블루핸즈,충청남도 천안시 서북구 두정공단1길 143 ,041 5551641,36.838573,127.154205,N,N
J2Z001,서천장항현대서비스,종합블루핸즈,충청남도 서천군 장항읍 장서로 68 ,041 9560909,36.013891,126.699385,N,Y
E1M014,서천점,전문블루핸즈,경기도 용인시 기흥구 서그내로53번길 3-29,031 2038572,37.242968,127.076399,N,N
J2M002,서천점,전문블루핸즈,충청남도 서천군 서천읍 서천로 174,041 9524984,36.083306,126.687665,N,N
MD0D69,서초남부점,전문블루핸즈,서울특별시 서초구 서초대로53길 16 (서초동), 02 5937799,37.495609,127.01495,N,N
MD0D51,서초동부점,전문블루핸즈,서울특별시 서초구 서초대로42길 55(서초동), 02 5259797,37.489642,127.009778,N,N
MD0D70,서초서부점,전문블루핸즈,서울특별시 서초구 서운로 14 (서초동), 02 5858204,37.48539,127.029854,N,N
B4Z002,서초현대서비스,종합블루핸즈,서울특별시 서초구 반포대로18길 48 , 0234723796,127.012914,37.487139,N,N
Z1Z009,서평택현대상용서비스,종합블루핸즈,경기도 평택시 포승읍 포승서로 80 ,031 6868777,126.855889,36.997575,N,N
MB0D87,서하남로점,전문블루핸즈,경기도 하남시 서하남로 264(광암동), 02 4839944,127.172833,37.517117,,
M01DP8,서호점,전문블루핸즈,대구광역시 동구 안심로43길 2 (서호동),053 9638287,35.8665,128.708989,N,N
MF0D17,석남점,전문블루핸즈,인천광역시 서구 길주로 82 (석남동),032 5838204,37.506073,126.670944,N,N
MF0D49,석모점,전문블루핸즈,경기도 김포시 양촌읍 김포한강4로 260,031982 8904,126.654742,37.651847,,
F01DL3,석사점,전문블루핸즈,강원특별자치도 춘천시 남춘로36번길 87 (퇴계동),033261 8210,127.738131,37.858731,N,N
B2M007,석촌점,전문블루핸즈,서울특별시 송파구 송파대로39길 6(석촌동), 02 4214087,37.502833,127.108314,N,Y
B2Z011,석촌현대자동차서비스,종합블루핸즈,서울특별시 송파구 백제고분로39길 40 (석촌동), 02 4130117,37.507712,127.103266,N,N
L01DM3,석현점,전문블루핸즈,전남광주통합특별시 목포시 영산로 721 (석현동),061 2816364,126.419378,34.82855,N,N
L03DG8,석현점,전문블루핸즈,전남광주통합특별시 순천시 삼산로 35 (석현동),061 7538700,34.971622,127.487131,N,N
F01F25,석화자동차공업(주),종합블루핸즈,강원특별자치도 홍천군 홍천읍 마지기로 187,033435 9650,37.704577,127.879251,N,Y
S01DK2,선암점,전문블루핸즈,울산광역시 남구 두왕로 80 ,052 2272555,35.510395,129.309119,N,Y
P03DH6,선지점,전문블루핸즈,경상남도 김해시 주촌면 선천로 95 ,055 3381271,128.843092,35.235414,N,Y
Z31Z17,선진1급정비공장,종합블루핸즈,경기도 포천시 일동면 화동로 790 ,031 5310808,127.308644,37.935672,N,N
N01DH2,성건점,전문블루핸즈,경상북도 경주시 북문로 63 ,054 7448204,129.209364,35.850308,N,N
MB0DA6,성남점,전문블루핸즈,경기도 성남시 중원구 산성대로 64-1(성남동),031 7534533,127.126542,37.432792,N,N
Z13Z59,성남하이테크밸리현대서비스,종합블루핸즈,경기도 성남시 중원구 순환로 116 ,031 7467000,37.43415,127.179847,N,Y
N01DJ4,성동점,전문블루핸즈,경상북도 경주시 알천남로 176-1 ,054 7717120,129.219197,35.849233,N,N
MA0D06,성북삼선교점,전문블루핸즈,서울특별시 성북구 성북로 38 (성북동), 02 7638204,37.591314,127.003778,N,N
T1M002,성산점,전문블루핸즈,제주특별자치도 서귀포시 성산읍 서성일로 1194,064 7848204,33.446013,126.906125,N,N
MA0D79,성석동부점,전문블루핸즈,경기도 고양시 일산동구 성석로 325 (성석동),031 9770809,126.794096,37.704769,N,N
M01DG2,성주점,전문블루핸즈,경상북도 성주군 성주읍 성주순환로 226,054 9318204,128.289947,35.922631,,
I01DG6,성환점,전문블루핸즈,충청남도 천안시 서북구 성환읍 성환1로 69,041 5824850,127.131033,36.901597,N,N
P03M07,세방정비공장,종합블루핸즈,경상남도 양산시 물금읍 제방로 225 (ICD10단지),055 3813031,129.015278,35.310761,N,N
G1M011,세종금남점,전문블루핸즈,세종특별자치시 금남면 용포로 112,044 8685185,36.468699,127.281766,N,Y
G1M005,세종부강점,전문블루핸즈,세종특별자치시 부강면 연청로1040,044 8668203,127.387861,36.528922,N,N
G1M014,세종서부점,전문블루핸즈,"세종특별자치시 장군면 장척로 536, 전부,428-4번지 1동",044 8676671,127.217047,36.498083,N,Y
P1M005,센텀점,전문블루핸즈,부산광역시 해운대구 재반로27번길 37-15 ,051 5049322,35.181647,129.125017,N,N
S02DM2,소답점,전문블루핸즈,경상남도 창원시 의창구 읍성로 124 (소답동),055 2530201,35.261958,128.628381,N,Y
E1M017,소사벌점,전문블루핸즈,경기도 평택시 비전3로 193-10 ,031 6540633,127.1209,37.008989,N,N
F1M003,소양점,전문블루핸즈,강원특별자치도 춘천시 소양로 161(소양로2가),033 2548504,127.724194,37.887644,N,N
D1M012,송도유원지점,전문블루핸즈,인천광역시 연수구 능허대로 247 ,032 8518204,37.451813,126.737588,N,N
N01DK4,송도점,전문블루핸즈,경상북도 포항시 남구 송림로 106 ,054 2438204,36.039253,129.374839,N,N
D1M013,송도점,전문블루핸즈,"인천광역시 연수구 신송로 118번길 9, 115호(송도동)",032 8150058,37.396206,126.652945,N,N
Z21Z46,송도종합서비스,종합블루핸즈,인천광역시 미추홀구 독배로 183 ,032 8315599,37.43736,126.646975,Y,N
G01DJ9,송두점,전문블루핸즈,충청북도 진천군 진천읍 덕금로 106-27,043534 2338,127.462347,36.869475,N,N
I1Z004,송악현대서비스,종합블루핸즈,충청남도 당진시 송악읍 덕적골길 14 ,041 3548272,36.917593,126.707199,Y,Y
ME0D28,송우점,전문블루핸즈,경기도 포천시 소흘읍 호국로484번길 24,031542 9090,127.137786,37.815292,N,N
ME0D61,송우중부점,전문블루핸즈,경기도 포천시 소흘읍 송우로 168 ,031 5428235,127.133122,37.835011,,
Z1Z008,송우현대서비스(주),종합블루핸즈,경기도 포천시 소흘읍 부흥로 129(외2필지),031 5411737,127.132906,37.805542,N,N
L01DG5,송월점,전문블루핸즈,전남광주통합특별시 나주시 예향로 4111 (송월동),061331 8204,35.020115,126.713312,N,N
E01DH2,송전점,전문블루핸즈,경기도 용인시 처인구 백옥대로 20(제1동) (이동면),031 3235300,37.141822,127.196997,N,N
M01DJ9,송정점,전문블루핸즈,경상북도 구미시 구미중앙로42길 5-22 (송정동),054 4560080,36.119473,128.352522,N,N
L01DJ2,송정점,전문블루핸즈,전남광주통합특별시 광산구 송도로 299 (송정동),062 9458204,126.800658,35.1399,N,N
P01DK4,송정점,전문블루핸즈,부산광역시 해운대구 해운대로 1130 (송정동),051 7041335,129.2024,35.186086,N,Y
J01DJ6,송천동부점,전문블루핸즈,전북특별자치도 전주시 덕진구 송천중앙로 248 (송천동2가),063 2548575,127.121853,35.868794,N,N
J01DJ8,송천점,전문블루핸즈,전북특별자치도 전주시 덕진구 송천3길 44-12 (송천동1가),063271 7272,127.116356,35.860894,N,N
E1Z014,송탄현대서비스,종합블루핸즈,경기도 평택시 삼봉로 58 현대자동차 블루핸즈 송탄현대서비스,031 6643642,127.0693,37.089469,Y,Y
B2Z007,송파현대써비스,종합블루핸즈,서울특별시 송파구 송이로32길 38 (문정동), 02 4316586,127.126681,37.486842,N,N
J01DL3,송학점,전문블루핸즈,전북특별자치도 익산시 고현로 17 (송학동),063853 6817,126.940647,35.938919,N,N
M01DK9,송현중부점,전문블루핸즈,대구광역시 달서구 송현로 14 (송현동),053 6578204,128.550289,35.821147,N,N
B3Z009,수동현대서비스,종합블루핸즈,경기도 남양주시 수동면 비룡로 544,031 5595599,127.322986,37.688364,Y,N
J01DJ7,수성점,전문블루핸즈,전북특별자치도 정읍시 남북로 61 (수성동),063532 4114,35.570342,126.852307,N,N
M01DN9,수성중부점,전문블루핸즈,대구광역시 수성구 달구벌대로 2356 (수성동3가),053 7558200,35.859026,128.620236,N,N
L01DJ6,수완점,전문블루핸즈,전남광주통합특별시 광산구 수완로74번길 11-38 (수완동),062 9614111,126.829965,35.192832,N,N
E01000,수원하이테크센터,하이테크센터,경기도 용인시 기흥구 중부대로 30 현대자동차 수원하이테크센터,031 2065151,37.286951,127.105822,,
ME0D70,수유중부점,전문블루핸즈,서울특별시 강북구 인수봉로 183(수유동), 02 9338204,127.01285,37.63605,N,N
E01DL3,수지점,전문블루핸즈,경기도 용인시 수지구 신수로683번길 23 (풍덕천동),031 2611144,127.099986,37.330678,N,N
E01E64,수지중앙현대서비스,종합블루핸즈,경기도 용인시 수지구 풍덕천로190번길 15-4 블루핸즈 수지중앙현대서비스,031 2626655,37.325077,127.102621,N,Y
ME0D27,수택점,전문블루핸즈,경기도 구리시 원수택로 42 (수택동),031565 8204,127.140997,37.595686,N,N
J01K44,순창중앙현대서비스,종합블루핸즈,전북특별자치도 순창군 순창읍 강천로 19-6 ,063 6531234,127.113664,35.370608,N,N
L3Z003,순천서면현대상용서비스,종합블루핸즈,전남광주통합특별시 순천시 서면 순천로 76 ,061 7553630,127.488478,34.996722,N,N
L03000,순천하이테크센터,하이테크센터,전남광주통합특별시 순천시 순광로 197  조례동,061 7234111,34.963557,127.539148,,
E05H24,시민대로현대서비스,종합블루핸즈,경기도 안양시 동안구 벌말로 91 ,031 4216900,37.396478,126.968399,N,N
M01DQ6,시지점,전문블루핸즈,대구광역시 수성구 달구벌대로 3018 (시지동),053791 2868,128.687531,35.841986,N,N
M01L50,시지현대서비스,종합블루핸즈,대구광역시 수성구 욱수천로 90-17 (신매동),053 7951000,35.834613,128.712599,Y,N
E05000,시화하이테크센터,하이테크센터,경기도 시흥시 경제로 137  정왕동,031 4976110,37.335261,126.711728,,
E5Z002,시화현대서비스,종합블루핸즈,경기도 시흥시 군자천로 271 ,031 4975555,37.341963,126.730031,N,N
ME0D78,신곡남부점,전문블루핸즈,경기도 의정부시 동일로 512 (신곡동),031844 8200,127.058656,37.734058,N,N
ME0D60,신곡점,전문블루핸즈,경기도 의정부시 부용로 9 (금오동),031 8218204,127.059436,37.748311,N,N
MC0D45,신길남부점,전문블루핸즈,서울특별시 영등포구 신길로 65-1 , 02 8422715,126.9079,37.498675,N,N
ME0D57,신내점,전문블루핸즈,서울특별시 중랑구 봉화산로 226(신내동), 02 4958664,127.097889,37.6077,N,N
M01DR7,신당중부점,전문블루핸즈,대구광역시 달서구 달구벌대로 1206 (신당동),053583 8205,128.499219,35.851322,N,N
MC0D06,신목로점,전문블루핸즈,서울특별시 양천구 신목로 26 (신정동), 0226548000,126.874603,37.518275,N,N
M01DK2,신봉점,전문블루핸즈,경상북도 상주시 상산로 102 (신봉동),054 5368510,36.399897,128.159717,N,N
MD0D37,신봉점,전문블루핸즈,경기도 용인시 수지구 수지로227번길 2 (신봉동),031 2641722,127.084497,37.321336,N,N
B4M007,신사점(주),전문블루핸즈,서울특별시 강남구 압구정로4길 14 (신사동), 02 5158161,127.020119,37.521808,N,N
S02DM1,신안원지점,전문블루핸즈,경상남도 산청군 신안면 원지로 38,055 9740971,127.975847,35.301808,N,N
L1M014,신안점,전문블루핸즈,전남광주통합특별시 북구 중흥로 124 ,062 3838020,126.907722,35.162586,N,N
S02DP3,신안점,전문블루핸즈,경상남도 진주시 신안로 18 (신안동),055 7416464,35.179915,128.071773,N,N
E1Z015,신영통현대서비스(주),종합블루핸즈,경기도 수원시 영통구 권선로 899 ,031 2033775,127.0456,37.249408,Y,Y
MD0D57,신월대형점,전문블루핸즈,서울특별시 양천구 남부순환로 563 (신월동), 0226074343,126.8391,37.518783,N,N
S02DN1,신월점,전문블루핸즈,경상남도 창원시 성산구 신사로35번길 26 ,055 2818572,128.691139,35.227422,N,N
MC0D21,신월중부점,전문블루핸즈,서울특별시 양천구 오목로 13 (신월동), 0226037784,126.839122,37.521506,N,N
E01DG1,신장점,전문블루핸즈,경기도 평택시 신장로 176(신장동),031 6630955,127.053539,37.090056,,
S1M004,신정남부점,전문블루핸즈,울산광역시 남구 돋질로 111 ,052 2572217,35.539697,129.31771,N,Y
MC0D29,신정서부점,전문블루핸즈,서울특별시 양천구 목동남로 72 (신정동), 0226528271,126.867158,37.509894,N,N
MC0D38,신정중부점,전문블루핸즈,서울특별시 양천구 신정중앙로 40 (신정동), 0226958201,126.856194,37.527175,N,N
S1M001,신정중부점,전문블루핸즈,울산광역시 남구 팔등로 3 (신정동),052257 8272,129.307094,35.543997,N,Y
L01DN1,신창진흥점,전문블루핸즈,전남광주통합특별시 광산구 북문대로 482 (신창동),062 9613111,35.198468,126.844404,N,N
Z1Z024,신창현대서비스㈜,종합블루핸즈,충청남도 공주시 우금티로 616 (금학동),041 8579977,127.129036,36.442553,Y,Y
M1M006,신천점,전문블루핸즈,대구광역시 동구 동부로 51(신천동),053 9528204,35.875132,128.617945,N,N
E05DN9,신천점,전문블루핸즈,경기도 시흥시 수인로3409번길 65 (신천동),031313 2040,126.780019,37.436039,N,N
J01DM4,신태인점,전문블루핸즈,전북특별자치도 정읍시 신태인읍 신태인중앙로 61,063571 5582,126.891792,35.689803,N,N
P02DK3,신평점,전문블루핸즈,부산광역시 사하구 하신중앙로 118 ,051 2718257,128.965464,35.089722,N,N
MF0D60,신포점,전문블루핸즈,인천광역시 제물포구 인중로182번길 6-3 ,032 8887117,37.469234,126.624663,N,N
S2M011,신항점,전문블루핸즈,경상남도 사천시 신항로 53(동금동),055 8352100,34.932569,128.084545,N,N
Z21Z40,신흥현대서비스,종합블루핸즈,경기도 부천시 신흥로 384 (내동),032 6825805,126.775597,37.518175,N,N
ME0D54,쌍문점,전문블루핸즈,서울특별시 도봉구 도당로 22 (쌍문동), 02 9023827,37.660288,127.035376,N,N
G01DH1,쌍용점,전문블루핸즈,충청남도 천안시 서북구 월봉7길 39 (쌍용동),041 5768204,127.115797,36.790586,N,N
L1M005,쌍촌점,전문블루핸즈,전남광주통합특별시 서구 천변좌하로484번길 2,062 3758204,126.863775,35.167294,N,N
T1M011,아라동부점,전문블루핸즈,제주특별자치도 제주시 간월동로 67,064 7227982,33.488246,126.549196,N,N
T1M003,아라점,전문블루핸즈,제주특별자치도 제주시 아봉로 11 ,064 7598272,33.478428,126.545226,N,Y
I1Z020,아산현대서비스(주),종합블루핸즈,충청남도 아산시 온천대로 1790-9,041 5311122,36.773052,127.035244,Y,Y
N1M004,안강점,전문블루핸즈,경상북도 경주시 안강읍 안강중앙로 40-1,054 7638205,129.204475,35.995264,N,N
P1M008,안락점,전문블루핸즈,"부산광역시 동래구 반송로 210, 외1필지(안락동)",051 5238204,129.0977,35.199531,N,Y
I1M004,안면점,전문블루핸즈,충청남도 태안군 안면읍 장터로 50-1,041 6734351,126.349939,36.514403,N,N
S02DL7,안민점,전문블루핸즈,경상남도 창원시 성산구 공단로 734 블루핸즈 안민점,055 2648204,128.693878,35.188789,N,N
L03DJ6,안산점,전문블루핸즈,전남광주통합특별시 여수시 장성3길 10 (안산동),061 6838292,34.753875,127.656134,N,N
E1M013,안성서부점,전문블루핸즈,경기도 안성시 대덕면 중앙로 30 ,031 6728889,37.013287,127.232106,N,N
E01E85,안성중앙현대서비스,종합블루핸즈,경기도 안성시 대덕면 만세로 37 ,031 6769800,37.023661,127.239659,Y,Y
Z1Z013,안성현대상용서비스,종합블루핸즈,경기도 안성시 미양면 안성대로 697-16,031 6710004,127.250361,36.982286,N,N
B3M002,안암점,전문블루핸즈,서울특별시 성북구 안암로 107 (안암동5가), 02 9220700,37.585284,127.031504,N,N
E05DH8,안양북부점,전문블루핸즈,경기도 안양시 만안구 만안로 290-1 (안양동),031 4428204,126.918803,37.405606,N,N
I01DP8,안영점,전문블루핸즈,대전광역시 중구 대둔산로 237 (안영동),042 5861393,127.381356,36.291292,N,N
E1M019,안중점,전문블루핸즈,경기도 평택시 안중읍 안청로 68 ,031 6818224,126.915206,36.994956,N,N
E1Z007,안중현대서비스(주),종합블루핸즈,경기도 평택시 오성면 서동대로 2061,031 6821900,37.008108,126.971438,N,Y
N01DH5,야사점,전문블루핸즈,경상북도 영천시 충효로 171 ,054 3380003,128.947189,35.977978,N,N
MF0D38,약대점,전문블루핸즈,경기도 부천시 원미구 중동로 365 ,032 6752254,126.769736,37.512547,N,N
S02DH5,양덕동부점,전문블루핸즈,경상남도 창원시 마산회원구 합성옛길 42,055 2978204,128.582875,35.233956,N,N
S02CA2,양덕점,전문블루핸즈,경상남도 창원시 마산회원구 양덕남9길88(양덕동),055 2968204,35.224259,128.587688,N,N
N1M001,양덕점,전문블루핸즈,경상북도 포항시 북구 양덕동 천마로 46번길 28-8,054253 8383,129.3999,36.080331,N,N
P3M010,양산남부점,전문블루핸즈,경상남도 양산시 중앙로 81 ,055 3890043,129.038444,35.338192,N,N
P03DH4,양산북부점,전문블루핸즈,경상남도 양산시 양산대로 1004 ,055 3831810,35.359677,129.040987,N,N
P03DH5,양산소토점,전문블루핸즈,경상남도 양산시 양산대로 1223,055 3741800,129.047314,35.378639,N,N
P3Z004,양산중부현대서비스,종합블루핸즈,경상남도 양산시 어실로 183 ,055 3870070,129.025939,35.376503,N,N
F01DK8,양양점,전문블루핸즈,강원특별자치도 양양군 양양읍 동해대로 2865,033 6711918,128.629467,38.100111,,
MD0D50,양재남부점,전문블루핸즈,서울특별시 서초구 마방로 36 (양재동),02 576 0097,37.475565,127.041904,N,N
MD0D54,양재동부점,전문블루핸즈,서울특별시 서초구 바우뫼로 187 (양재동),02 573 5872,37.479283,127.040088,N,N
MD0D78,양재북부점,전문블루핸즈,서울특별시 서초구 강남대로18길 16-12 (양재동), 02 5298214,127.039606,37.471486,N,N
MD0D74,양재점,전문블루핸즈,서울특별시 서초구 매헌로 50 (양재동), 02 5298272,127.034411,37.465292,N,N
MD0D21,양재중부점,전문블루핸즈,서울특별시 서초구 강남대로4길 5 (양재동),02 578 1331,37.466841,127.04248,N,N
B4Z007,양재현대서비스,종합블루핸즈,서울특별시 서초구 남부순환로342길 100-9(양재동) , 02 5724665,37.4759,127.027778,N,Y
ME0D55,양주샘내점,전문블루핸즈,경기도 양주시 평화로 1307 (산북동),031 8432880,127.045789,37.807678,N,N
Z12Z72,양주현대서비스,종합블루핸즈,경기도 양주시 광적면 부흥로 931 ,031 8361101,37.810751,126.993269,Y,N
MF0D78,양촌점,전문블루핸즈,경기도 김포시 양촌읍 양곡4로 40,031 9961611,37.652982,126.620979,N,N
MB0D78,양평동부점,전문블루핸즈,경기도 양평군 양평읍 백안길 9 ,031 7718246,37.49056,127.508104,N,N
ME0D32,양평점,전문블루핸즈,경기도 양평군 양평읍 양근로 15,031 7745511,37.501024,127.477208,N,N
Z13Z73,양평현대서비스,종합블루핸즈,경기도 양평군 양평읍 경강로 1744 ,031 7722301,37.501592,127.474358,N,N
S01DG5,언양점,전문블루핸즈,울산 울주군 언양읍 서부리 260-15,052 2632308,35.564763,129.112497,N,N
S1Z009,언양현대서비스,종합블루핸즈,울산광역시 울주군 상북면 봉화로 248 ,052 2648272,35.571106,129.100635,Y,Y
L03DH5,여서점,전문블루핸즈,전남광주통합특별시 여수시 여서로 228 (여서동),061 6538204,127.706728,34.74905,N,N
L3Z002,여수산단현대상용서비스,종합블루핸즈,전남광주통합특별시 여수시 산단중앙로 67 ,061 6927575,127.645667,34.826183,N,N
E01DN4,여주점,전문블루핸즈,경기도 여주시 세종로 82 (홍문동),031 8867282,127.634642,37.290711,N,N
MF0D31,역곡점,전문블루핸즈,경기도 부천시 소사구 경인로 479 ,032 3438204,126.808853,37.483333,N,N
MB0D93,역동점,전문블루핸즈,경기도 광주시 문화로 39 (역동),031 7977744,37.407083,127.254621,N,N
MD0D19,역삼남부점,전문블루핸즈,서울특별시 강남구 봉은사로 234 (역삼동),02 555 8272,127.037861,37.508244,N,Y
B4Z006,역삼현대서비스,종합블루핸즈,서울특별시 강남구 역삼로 238(역삼동), 02 5619830,127.042622,37.497169,N,N
T1M004,연동점,전문블루핸즈,제주특별자치도 제주시 신대로21길 34-1 ,064 7113132,33.481937,126.500247,N,N
I1M008,연무점,전문블루핸즈,충청남도 논산시 연무읍 득안대로 452-1,041 7428204,127.098964,36.111011,N,N
P01M46,연산현대서비스,종합블루핸즈,부산광역시 연제구 과정로 198 ,051 7584894,35.188208,129.105715,Y,N
G01DK5,연수점,전문블루핸즈,충청북도 충주시 국원초5길 49 (연수동),043848 8482,127.945519,36.981717,N,N
P01DJ2,연지점,전문블루핸즈,부산광역시 부산진구 성지로 10-1 (연지동),051 8038204,35.171551,129.055435,N,N
B3M014,연천점,전문블루핸즈,경기도 연천군 연천읍 연천로 177,031 8340174,127.073231,38.092839,N,N
S2M002,연초점,전문블루핸즈,경상남도 거제시 연초면 거제대로 4453,055 6338204,34.900126,128.644825,N,N
S02Q42,연초현대서비스,종합블루핸즈,경상남도 거제시 연초면 방곡길 3 ,055 6362600,128.662,34.910472,N,N
MA0D18,연희점,전문블루핸즈,서울특별시 서대문구 연희맛로 3-1 (연희동), 02 3328204,126.928283,37.565931,N,N
MF0D24,연희점,전문블루핸즈,인천광역시 서구 심곡로 205 (연희동),032566 0023,126.681906,37.551278,,
A1Z008,열쇠콜,종합블루핸즈,서울특별시 강서구 강서로45길 19(화곡동),00015881313,0,0,,
MC0D58,염창점,전문블루핸즈,서울특별시 강서구 양천로 721 (염창동), 0236637788,126.876114,37.549581,N,N
S01DK3,염포점,전문블루핸즈,울산광역시 북구 염포로753,052 2888272,129.397867,35.527578,N,N
L01DK5,영광점,전문블루핸즈,전라남도 영광군 영광읍 천년로 1408 ,061 3538236,35.270663,126.49822,N,N
G01DH5,영동점,전문블루핸즈,충청북도 영동군 영동읍 난계로 1120-4,043 7456300,36.178026,127.76962,N,N
I1Z016,영동현대서비스,종합블루핸즈,충청북도 영동군  영동읍 기골로 190,043 7423333,36.187471,127.790727,N,N
J1M001,영등동부점,전문블루핸즈,전북특별자치도 익산시 고봉로 182 (영등동),063832 8572,126.967472,35.948375,N,N
MC0D65,영등포점,전문블루핸즈,서울특별시 영등포구 국회대로 663-1 (영등포동7가), 0226778204,126.907817,37.525611,N,N
L1M010,영암점,전문블루핸즈,전남광주통합특별시 영암군 영암읍 새동네길 5 (교동리),061 8132111,34.794629,126.68992,N,N
L01DL1,영암한라점,전문블루핸즈,전남광주통합특별시 영암군 삼호읍 대불로 370,061 4612222,126.393814,34.761316,N,N
G01DJ1,영운점,전문블루핸즈,충청북도 청주시 상당구 단재로 157 (영운동),043 2528572,127.500325,36.615681,N,N
Z35Z01,영원자동차공업(주),종합블루핸즈,서울특별시 도봉구 도봉로136길 49(창동), 02 9089700,127.043975,37.659658,N,N
M1Z007,영주종합정비공장,종합블루핸즈,경상북도 영주시 구성로88번길 172 (휴천동),054 6342800,128.635408,36.808783,N,N
N01DG5,영천점,전문블루핸즈,경상북도 영천시 향군로 16(화룡동),054 3368204,128.919386,35.964344,N,N
N01N24,영천현대서비스,종합블루핸즈,경상북도 영천시 금호읍 금호로 338-32 ,054 3373005,35.93749,128.895676,N,N
E01DK1,영통중부점,전문블루핸즈,경기도 수원시 영통구 영통로345번길 11 ,031 2051472,127.063969,37.256486,N,N
E01E75,영통중앙현대서비스,종합블루핸즈,경기도 수원시 영통구 매영로 261 ,031 2040123,37.258088,127.065769,Y,Y
I01DH4,예산점,전문블루핸즈,충청남도 예산군 오가면 예산산업단지로 6,041 3338204,36.68439,126.815783,N,N
I01DJ5,예천점,전문블루핸즈,충청남도 서산시 예천동 나무장1길44 (예천동),041 6726677,126.442543,36.77226,N,N
M01DN5,예천점,전문블루핸즈,경상북도 예천군 예천읍 충효로 200 ,054 6558582,128.446186,36.649667,N,N
I01DK6,오관점,전문블루핸즈,충청남도 홍성군 홍성읍 충서로 1402,041 6348872,36.600667,126.653745,N,N
MA0D96,오남서부점,전문블루핸즈,경기도 남양주시 오남읍 진건오남로759번길 101,031 5758672,37.696153,127.19715,N,N
MF0D62,오류점,전문블루핸즈,인천광역시 서구 단봉로 142 (오류동),032 5688204,37.597348,126.636092,N,N
MC0D22,오류점,전문블루핸즈,서울특별시 구로구 서해안로 2239 (오류동), 0226149933,126.83525,37.488458,,
MF0D54,오류중부점,전문블루핸즈,인천광역시 서구 보듬7로 11(오류동),032 5480482,126.614408,37.594453,N,N
ME0D67,오산점,전문블루핸즈,경기도 양주시 백석읍 권율로 1385,031826 7474,126.977483,37.807097,N,N
G01CA6,오송점,전문블루핸즈,충청북도 청주시 흥덕구 오송읍 만수1길 4-2,043 2349219,127.327486,36.6228,N,N
MF0D70,오정점,전문블루핸즈,경기도 부천시 오정구 오정로 230 ,032 6768272,126.784897,37.528303,N,N
G1M012,오창남부점,전문블루핸즈,충청북도 청주시 청원구 오창읍 과학산업3로 78-15,043 2148203,36.697458,127.421545,N,N
G1M004,오창장대점,전문블루핸즈,충청북도 청주시 청원구 오창읍 오창시내1길 13,043 2188572,127.457781,36.738936,N,N
G01CA5,오창점,전문블루핸즈,충청북도 청주시 청원구  오창읍 양청송대길 9-4,043 2178204,36.71335,127.438842,N,Y
N01DH7,오천점,전문블루핸즈,경상북도 포항시 남구 오천읍 용덕리 332-3,054 2924473,129.414453,35.973781,N,N
Z14Z35,오토바디모터스,종합블루핸즈,서울특별시 영등포구 양평로21길 16 (양평동5가), 0226764441,37.536689,126.892674,Y,N
B2Z019,오포현대서비스㈜,종합블루핸즈,경기도 광주시 신현로 85 ,031 7183333,37.360791,127.156842,Y,Y
E1Z003,오학자동차,종합블루핸즈,"경기도 여주시 도예로 77(오학동, 284-3)",031 8851901,127.643019,37.309872,N,N
M01DQ9,옥계점,전문블루핸즈,경상북도 구미시 산호대로24길 9-33 ,054 4713691,128.416047,36.136475,N,N
I01DH3,옥룡점,전문블루핸즈,충청남도 공주시 무령로 339 (옥룡동),041 8570711,127.136578,36.457806,N,N
G01DL2,옥산점,전문블루핸즈,충청북도 청주시 흥덕구 옥산면 오송가락로 895,043 2601988,127.380233,36.666475,N,N
MB0D43,옥수점,전문블루핸즈,서울특별시 성동구 독서당로 177 (옥수동), 0222818204,127.011106,37.541869,N,N
B3Z010,옥정현대서비스,종합블루핸즈,경기도 양주시 율정로 257-14,031 8575580,37.817607,127.103848,Y,Y
I01DP7,옥천동부점,전문블루핸즈,충청북도 옥천군 옥천읍 중앙로 190,043 7338218,127.576089,36.312692,N,N
Z1Z016,옥천현대상용서비스,종합블루핸즈,충청북도 옥천군 옥천읍 옥천동이로 100-8 (매화리 283-3),043 7322200,127.586156,36.301575,N,N
S02DH1,옥포점,전문블루핸즈,경상남도 거제시 거제대로 3702 (옥포동),055 6882222,128.692486,34.887817,N,N
S02Q56,옥포현대서비스,종합블루핸즈,경상남도 거제시 옥포로12길 18 (옥포동),055 6873377,128.692994,34.89205,N,N
S01DJ7,온산점,전문블루핸즈,울산광역시 울주군 온산읍 덕신로 248,052238 8448,129.308431,35.433217,N,N
MC0D66,온수점,전문블루핸즈,서울특별시 구로구 부일로 847 (온수동), 0220663900,126.821519,37.4919,N,N
S1Z007,온양현대서비스,종합블루핸즈,울산광역시 울주군 온양읍 선양골길 11,052 2340032,35.405407,129.300951,N,Y
P01CA4,온천점,전문블루핸즈,부산광역시 동래구 중앙대로1307번길 6 (온천동),051 5051123,35.203934,129.077535,N,Y
I01DL6,온천점(주),전문블루핸즈,충청남도 아산시 시민로 463-4 (온천동),041 5338252,127.001314,36.790008,N,N
L01DG7,완도점,전문블루핸즈,전남광주통합특별시 완도군 완도읍 개포로159번길 28,061 5548244,126.744378,34.321617,N,N
B2Z015,왕십리역현대서비스,종합블루핸즈,서울특별시 성동구 고산자로 224 , 0222930626,37.559766,127.034597,Y,Y
M01DP6,왜관점,전문블루핸즈,경상북도 칠곡군 왜관읍 관문로 148-5,054974 3306,128.410728,35.987853,N,N
T01DH7,외도점,전문블루핸즈,제주특별자치도 제주시 우평로 345-8 ,064 7433655,33.483446,126.430013,N,N
N01DH1,외동점,전문블루핸즈,경상북도 경주시 외동읍 모화남1길5,054 7757373,35.670525,129.336711,N,N
J01DJ4,요촌점,전문블루핸즈,전북특별자치도 김제시 중앙로 130 (요촌동),063 5443721,35.802821,126.889575,N,N
S02DN4,용강점,전문블루핸즈,경상남도 사천시 주공로 103 ,055 8338206,34.945233,128.084312,N,N
N01CA1,용강점,전문블루핸즈,경상북도 경주시 소금강로19번길 17-2번지,054741 8204,129.221614,35.861442,N,N
S02DH3,용남중부점,전문블루핸즈,경상남도 통영시 용남면 남해안대로 533,055 6455417,128.441303,34.861086,N,N
I01DG9,용문점,전문블루핸즈,대전광역시 서구 도산로 339 (용문동),042 5368204,127.389494,36.335708,N,N
L01DH3,용봉점,전문블루핸즈,전남광주통합특별시 북구 설죽로 223 (용봉동),062523 8205,126.897653,35.179553,N,N
M1M003,용산점,전문블루핸즈,대구광역시 달서구 새방로 28 (용산동),053 6438572,35.861144,128.522124,N,N
M01DM7,용상점,전문블루핸즈,경상북도 안동시 관광단지로 71 (용상동),054822 8505,128.755197,36.555264,N,N
G01DL8,용암동부점,전문블루핸즈,충청북도 청주시 상당구 용암북로168번길 11-2 (용암동),043 2858277,36.622695,127.515935,N,Y
S2M010,용원웅동점,전문블루핸즈,"경상남도 창원시 진해구 용원북로11번가길 38,40",055 7151472,128.810647,35.104436,N,N
S2M007,용원점,전문블루핸즈,경상남도 창원시 진해구 만금로 9(용원동),055 5478873,128.821981,35.098856,N,N
B2Z025,용인백암현대상용서비스,종합블루핸즈,경기도 용인시 처인구 원삼면 죽양대로1626번길 32 용인백암현대상용서비스,031 3382088,127.336247,37.185272,,
E01E54,용인현대자동차공업(주),종합블루핸즈,경기도 용인시 처인구 양지면 중부대로 2038-8,031 3215656,37.226008,127.270423,N,N
I01CA1,용전점,전문블루핸즈,대전광역시 동구 계족로505번길 3 (용전동),042636 0711,127.4325,36.356744,N,N
HI0D02,용현대형점,전문블루핸즈,경기도 의정부시 시민로416번길 35-19 (용현동),031 8568855,127.079872,37.732511,N,N
MF0D27,용현점,전문블루핸즈,"인천광역시 미추홀구 토금중로11번길 10, 1층(용현동)",032 8881221,126.635361,37.454347,N,N
MI0D04,용현점,전문블루핸즈,경기도 의정부시 용민로26번길 17 (용현동),031851 5182,127.082617,37.735383,N,N
E01CA1,우만점,전문블루핸즈,경기도 수원시 팔달구 경수대로 678 (우만동),031 2510056,127.027694,37.28585,N,N
B4Z005,우면현대서비스,종합블루핸즈,서울특별시 서초구 형촌2길 26 , 02 5433700,127.021533,37.464897,N,N
L01DM5,우수영점,전문블루핸즈,전남광주통합특별시 해남군 문내면 명량로 191,061 5335254,34.595474,126.314258,N,N
P01DL5,우암점,전문블루핸즈,부산광역시 남구 우암로 264-2,051 6425546,129.068544,35.126097,N,N
E01DM7,우정점,전문블루핸즈,경기도 화성시 우정읍 기아자동차로 541,031358 4499,126.79405,37.063722,N,N
D1M005,운서점,전문블루핸즈,인천광역시 영종구 은골로 77 ,032 7463235,126.490867,37.496411,N,N
MA0D16,운정점,전문블루핸즈,경기도 파주시 교하로159번길 55(목동동),031 9637773,126.740825,37.724061,N,N
B2M003,운중점,전문블루핸즈,경기도 성남시 분당구 산운로32번길 10 (운중동),031 7087117,127.065025,37.39185,N,N
G01DJ7,운천점,전문블루핸즈,충청북도 청주시 흥덕구 1순환로 389 (운천동),043 2753868,36.65556,127.472695,N,N
Z12Z83,운천현대서비스,종합블루핸즈,경기도 포천시 영북면 호국로 3707-12,031 5316228,127.272408,38.067831,Y,N
Z1Z040,울릉현대상용서비스,종합블루핸즈,경상북도 울릉군 울릉읍 사동2길 139 ,054 7911113,130.890219,37.4816,N,N
S01P13,울산북구현대상용서비스,종합블루핸즈,울산광역시 북구 효자로 146 ,052 2877777,129.368072,35.574342,N,N
S01000,울산하이테크센터,하이테크센터,울산광역시 북구 염포로 317,052 2837500,35.560313,129.374023,,
S1Z005,울산현대상용서비스(주),종합블루핸즈,울산광역시 북구 산업로 1515(신천동),052 2864747,129.342197,35.644603,N,Y
N01DJ5,울진남부점,전문블루핸즈,경상북도 울진군 울진읍 토일1길 70-17 ,054 7828206,36.978469,129.395855,N,N
M01DN1,원당점,전문블루핸즈,경상북도 영주시 원당로247번길 12 ,054 6380311,36.831321,128.636799,N,N
I01DN2,원당점,전문블루핸즈,충청남도 당진시 원당골길 4 (원당동),041 3521472,126.655492,36.905344,N,N
E01DL2,원동점,전문블루핸즈,경기도 오산시 남부대로 323 (원동),031 3736660,37.13608,127.071031,N,N
I01DN5,원신흥점,전문블루핸즈,대전광역시 유성구 원신흥로40번길 21 (원신흥동),042 6326615,36.337874,127.341133,N,N
Z32Z27,원일현대서비스,종합블루핸즈,경기도 고양시 일산동구 장진천길 14-7(설문동),031 9055100,126.812464,37.709208,N,N
MF0D08,원종점,전문블루핸즈,경기도 부천시 오정구 성지로 85 ,032 6738272,126.810897,37.526567,N,N
B03CA3,원주남부점,전문블루핸즈,강원특별자치도 원주시 서원대로 523 ,033 7648204,37.324435,127.960788,N,N
F01DK7,원주북부점,전문블루핸즈,강원특별자치도 원주시 강변로 801 ,033 7441377,37.375043,127.947829,N,N
F1Z001,원주현대상용서비스,종합블루핸즈,강원특별자치도 원주시 우두산길 20-1 ,033 7327667,127.941228,37.379589,N,N
F1Z002,원주현대서비스,종합블루핸즈,강원특별자치도 원주시 동부순환로 338-6 ,033 7314989,37.34496,127.977452,Y,Y
MA0D45,원효로점,전문블루핸즈,서울특별시 용산구 효창원로 28 , 02 7127100,126.952544,37.534625,N,N
Z11Z52,원흥현대서비스,종합블루핸즈,경기도 고양시 덕양구 권율대로 822 , 02 3818222,126.883747,37.659556,N,N
L01DK8,월계첨단점,전문블루핸즈,전남광주통합특별시 광산구 첨단중앙로124번길 59 (월계동),062973 5119,126.845542,35.21665,N,N
ME0D34,월곡점,전문블루핸즈,서울특별시 성북구 화랑로 183 (상월곡동),02 943 8204,127.050486,37.607706,N,N
L01DK6,월산남부점,전문블루핸즈,전남광주통합특별시 남구 월산로 47-4 ,062 3628504,126.899444,35.142317,N,N
M01DL3,월암점,전문블루핸즈,대구광역시 달서구 월암로 56 ,053 5938204,35.825061,128.513782,N,N
E05DM5,월피점,전문블루핸즈,경기도 안산시 상록구 안산천서로 235 (월피동),031 4857784,126.847747,37.334744,N,N
B2M009,위례점,전문블루핸즈,경기도 성남시 수정구 위례서로 34,031 7588239,127.1372,37.468167,N,N
B01CA2,위시티로점,전문블루핸즈,경기도 고양시 일산동구 위시티2로 43(식사동),031 9070136,126.815217,37.675531,N,N
M1M009,유가점,전문블루핸즈,대구광역시 달성군 유가읍 테크노순환로 69 ,053 6159900,128.45185,35.675833,,
E01DM9,유방점,전문블루핸즈,경기도 용인시 처인구 백옥대로 1367 (유방동),031 3372294,37.257092,127.212155,N,N
P3M001,율하점,전문블루핸즈,경상남도 김해시 율하2로 236번길 8 (율하동),055 3148572,128.821678,35.174678,N,N
B4Z008,율현현대서비스,종합블루핸즈,서울특별시 강남구 헌릉로757길 53 , 02 4203030,127.118694,37.471597,N,N
MB0D83,은행점,전문블루핸즈,경기도 성남시 중원구 산성대로 592 (은행동),031 7453017,127.169067,37.462156,N,N
B2Z023,은혜공업(주),종합블루핸즈,인천광역시 중구 서해대로94번길 57-33 ,032 8875670,126.623461,37.436861,N,N
G1M007,음성남부점,전문블루핸즈,충청북도 음성군 음성읍 음성로 39,043 8738208,127.685978,36.926339,N,N
G01DG8,음성맹동점,전문블루핸즈,충청북도 음성군 맹동면 진성로 723 ,043 8778419,127.529675,36.91245,N,N
G1Z002,음성현대서비스,종합블루핸즈,충청북도 음성군 금왕읍 무극로 145,043 8831771,36.98915,127.577029,N,N
M01DK4,읍내점,전문블루핸즈,대구광역시 북구 칠곡중앙대로 667 (읍내동),053 3249909,35.954878,128.554479,N,N
MA0D62,응암점,전문블루핸즈,서울특별시 은평구 응암로12길 23-9 (응암동), 02 3544614,126.919514,37.587381,N,N
S02DJ4,의령점,전문블루핸즈,경상남도 의령군 의령읍 백산로 32,055 5729585,128.2666,35.321728,N,N
E5Z001,의왕중부현대서비스,종합블루핸즈,경기도 의왕시 경수대로391번길 11 ,031 4537788,126.963312,37.358691,N,N
B3M001,의정부점,전문블루핸즈,경기도 의정부시 경의로 33 (의정부동),031875 6848,127.039197,37.733083,N,N
B3Z007,의정부현대서비스,종합블루핸즈,경기도 의정부시 입석로 76,031 8797700,127.017347,37.755511,Y,N
N1M011,이동점,전문블루핸즈,경상북도 포항시 남구 이동로 20,054 2768204,36.03209,129.337755,N,N
MB0D55,이천증포점,전문블루핸즈,경기도 이천시 증신로 170 (증포동),031 6345171,37.290708,127.450765,N,N
E01E73,이화자동차써비스,종합블루핸즈,경기도 안성시 보개원삼로 85 ,031 6715558,127.284978,37.011506,N,N
E01DN8,인계중부점,전문블루핸즈,경기도 수원시 팔달구 세지로176(인계동),031 2245152,37.267046,127.022171,N,N
M01DN3,인의점,전문블루핸즈,경상북도 구미시 인동15길 9 (인의동),054 4759868,128.426114,36.100156,N,N
D1M018,인천공항점,전문블루핸즈,인천광역시 영종구 용유서로172번길 56 ,032 7107436,126.391444,37.452081,,
Z32Z25,인천서구현대상용서비스,종합블루핸즈,인천광역시 서구 원당대로 331-15,032 5641516,126.638619,37.588644,N,N
D01000,인천하이테크센터,하이테크센터,인천광역시 서구 가좌로83번길 22  가좌동,032 5782350,37.481641,126.683334,,
A1Z011,인천항현대상용서비스,종합블루핸즈,인천광역시 중구 축항대로296번길 22,032 8869321,126.627967,37.446061,N,N
J01DJ1,인후남부점,전문블루핸즈,전북특별자치도 전주시 덕진구 건산로 213 (인후동1가),063 2449383,127.160528,35.834042,N,N
J1M006,인후점,전문블루핸즈,전북특별자치도 전주시 덕진구 가재미로 50 ,063 2459119,127.162289,35.829583,N,N
L01DH6,일곡점,전문블루핸즈,전남광주통합특별시 북구 일곡택지로 69-1 (일곡동),062575 8504,126.894047,35.208022,N,N
P1M010,일광점,전문블루핸즈,부산광역시 기장군 일광면 해송2로 24 ,051 7227766,35.267586,129.230474,N,N
T01DG1,일도점,전문블루핸즈,제주특별자치도 제주시 동광로18길 12 (일도이동),064 7574594,33.508074,126.541817,N,N
E05DL1,일동점,전문블루핸즈,경기도 안산시 상록구 성호로 22 (일동),031 4373333,37.308512,126.868823,N,N
B3M004,일동점,전문블루핸즈,경기도 포천시 일동면 화동로 1015,031 5313100,127.315286,37.954394,N,N
L01DL9,일로점,전문블루핸즈,전남광주통합특별시 무안군 일로읍 삼일로 558,061 2851522,126.496796,34.853107,N,N
MA0D92,일산동부점,전문블루핸즈,경기도 고양시 일산동구 산두로213번길 34,031 9118204,126.779456,37.674092,N,N
MA0D56,일산점,전문블루핸즈,경기도 고양시 일산서구 고양대로 605 (일산동),031 9751265,126.764289,37.686956,N,N
S01DK4,일산점,전문블루핸즈,울산광역시 동구 번덕1길 10 (일산동),052 2362211,129.428736,35.503411,N,N
Z11Z41,일산중산현대서비스,종합블루핸즈,경기도 고양시 일산동구 성석로 40  13-1/14-8,031 9775656,37.68349,126.791395,Y,Y
B4M008,일원점,전문블루핸즈,서울특별시 강남구 개포로140길 18 (일원동), 02 34111538,37.494399,127.086232,N,N
J1Z009,임실현대서비스,종합블루핸즈,전북특별자치도 임실군 임실읍 봉황로 381 ,063 6420007,127.290256,35.630197,N,N
F1M005,입암점,전문블루핸즈,강원특별자치도 강릉시 율곡로 2698(입암동),033 6425056,128.908608,37.748511,N,N
I01DM1,자운점,전문블루핸즈,대전광역시 유성구 유성대로1184번길 71 ,042 8632500,36.394989,127.353682,N,N
MA0D46,자하문로점,전문블루핸즈,서울특별시 종로구 자하문로 256(부암동), 0232178204,37.597133,126.963841,N,N
MF0D21,작전남부점,전문블루핸즈,인천광역시 계양구 계양대로 67-13 (작전동),032544 7784,126.721625,37.529678,N,N
D1M010,작전점,전문블루핸즈,인천광역시 계양구 장제로 727 (작전동),032 8885959,37.532872,126.733497,N,N
B4M009,잠원점,전문블루핸즈,서울특별시 서초구 신반포로23길 78-9 1층, 02 5992288,127.005672,37.511692,N,N
I1M017,잠홍점㈜,전문블루핸즈,충청남도 서산시 서해로 3600 ,041 6680711,36.782087,126.472306,N,N
E05DL2,장곡점,전문블루핸즈,경기도 시흥시 황고개로 476 ,031 4043153,126.790756,37.373497,N,N
MF0D61,장기점,전문블루핸즈,경기도 김포시 김포한강2로24번길 78-19 (장기동),031 9898242,126.676817,37.646297,N,N
N1M002,장량점,전문블루핸즈,경상북도 포항시 북구 장성로 38 ,054 2518204,129.392428,36.079561,N,N
P02DG8,장림점,전문블루핸즈,부산광역시 사하구 다대로 371 (장림동),051 2658404,128.977981,35.069456,N,N
L1Z007,장성동화현대상용서비스,종합블루핸즈,전남광주통합특별시 장성군 동화면 원남평길 15-21,061 3908750,126.725328,35.276236,N,N
L1M002,장성점,전문블루핸즈,전남광주통합특별시 장성군 장성읍 역전로 211 ,061 3933359,35.305497,126.787776,N,N
N01DH3,장성점,전문블루핸즈,경상북도 포항시 북구 삼흥로 76 (장성동),054 2468204,129.3793,36.068714,N,N
J1Z002,장수중앙현대서비스,종합블루핸즈,전북특별자치도 장수군 계남면 장무로 155 ,063 3538272,127.582914,35.724936,N,N
E01E71,장안북부현대서비스,종합블루핸즈,경기도 수원시 장안구 천천로 106 ,031 2070070,37.300962,126.983671,Y,Y
MA0D50,장안점,전문블루핸즈,서울특별시 동대문구 장한로 202 (장안동), 0222148204,127.072533,37.578453,N,N
P03DG7,장유부곡점,전문블루핸즈,경상남도 김해시 장유면 부곡로 67(부곡동),055 3147791,35.209877,128.799287,N,N
L03DJ2,장천점,전문블루핸즈,전남광주통합특별시 순천시 이수로 47 (장천동),061742 9100,127.492519,34.949489,N,N
J02DG6,장항점,전문블루핸즈,충청남도 서천군 장항읍 장서로44번길 1,041 9561010,36.011744,126.698665,N,N
B2Z009,장호원현대서비스,종합블루핸즈,경기도 이천시 장호원읍 서동대로 8769-1 ,031 6430080,37.115896,127.609261,N,N
B3Z003,전곡현대서비스,종합블루핸즈,경기도 연천군 전곡읍 은대성로 117,031 8351996,38.025333,127.060286,Y,N
MA0DA6,전농로점,전문블루핸즈,서울특별시 동대문구 전농로 26 전농로점현대자동차블루핸즈, 0222498204,127.056953,37.567203,N,N
J1Z001,전북혁신도시현대상용서비스,종합블루핸즈,전북특별자치도 완주군 이서면 이서남로 361-22 ,063 2291800,127.033428,35.823553,N,N
Z1Z038,전북현대상용서비스㈜,종합블루핸즈,전북특별자치도 전주시 덕진구 원만성로 61 (팔복동3가),063 2127001,127.086575,35.854781,N,Y
J01000,전주하이테크센터,하이테크센터,전북특별자치도 전주시 덕진구 여산로 96 여의동,063 2127111,35.861435,127.077177,,
P1Z003,정관현대서비스,종합블루핸즈,부산광역시 기장군 정관면 농공길 107,051 7273500,35.324248,129.201199,Y,Y
E01DL4,정남점,전문블루핸즈,경기도 화성시 정남면 만년로 400,031 3527766,126.982606,37.157503,N,N
S02DH8,정동점,전문블루핸즈,경상남도 사천시 정동면 진삼로 1347 블루핸즈 정동점,055 8548864,35.072679,128.081602,N,N
MA0D32,정발산점,전문블루핸즈,경기도 고양시 일산동구 일산로441번길 81 (정발산동),031 9140539,126.775483,37.670033,N,N
F01DG7,정선점,전문블루핸즈,강원특별자치도 정선군 정선읍 어천길 2 ,033 5621250,128.670258,37.371811,,
E5M009,정왕북부점,전문블루핸즈,"경기도 시흥시 함송로13번길 14 ,12 (정왕동 1880-1, 2)",031 4324233,37.364692,126.731189,N,N
E05DK5,정왕중부점,전문블루핸즈,경기도 시흥시 평안상가5길 15-1 ,031 4315149,126.747267,37.336197,N,N
J1Z010,정읍현대서비스(유),종합블루핸즈,전북특별자치도 정읍시 천변로 440 ,063 5334027,35.551072,126.871495,N,Y
Z14Z41,정일현대자동차정비공업(주),종합블루핸즈,서울특별시 영등포구 선유로 103 , 0226338611,126.889994,37.523336,N,N
E1M003,정자점,전문블루핸즈,경기도 수원시 장안구 수성로 298 (영화동),031 2440488,127.004903,37.290958,,
MB0D17,정자점,전문블루핸즈,경기도 성남시 분당구 내정로107번길 3 (정자동),031717 8272,127.114186,37.369597,N,N
F1M004,정중앙점,전문블루핸즈,강원특별자치도 양구군 남면 정중앙로 512,033 4828203,128.026169,38.101756,N,N
N1M013,정평점,전문블루핸즈,경상북도 경산시 성동로 12 ,053 8188204,128.7257,35.835764,N,N
M01DQ8,정하점,전문블루핸즈,경상북도 안동시 충효로 4454 (정상동),054857 8272,128.736775,36.550664,N,N
Z14Z51,제이에스모터스,종합블루핸즈,서울특별시 구로구 가마산로 77 (구로동), 02 8510003,126.875078,37.485594,N,N
T1Z002,제주공항현대서비스,종합블루핸즈,제주특별자치도 제주시 서광로 77 ,064 7439114,33.500464,126.504076,Y,Y
T1M007,제주대형점주식회사,전문블루핸즈,제주특별자치도 제주시 제성1길 62,064 7440902,126.480686,33.498211,N,N
T01000,제주하이테크센터,하이테크센터,제주특별자치도 제주시 조천읍 일주동로 1323  ,064 7844111,33.539149,126.682153,,
G1Z007,제천현대상용서비스(주),종합블루핸즈,충청북도 제천시 단양로14길 48-11(고명동),043 6485300,128.231842,37.118628,N,N
L03DJ8,조례서부점,전문블루핸즈,전남광주통합특별시 순천시 유동3길 15 (조례동),061 7222213,127.516903,34.954531,N,N
L03DG5,조례점,전문블루핸즈,전남광주통합특별시 순천시 백연길 82 (조례동),061725 0707,34.954038,127.53379,N,N
B1M002,조리점,전문블루핸즈,경기도 파주시 조리읍 대원로 203,031 9578608,126.803564,37.735178,N,N
Z11Z47,조리현대서비스㈜,종합블루핸즈,경기도 파주시 조리읍 등원로330번길 41 ,031 9455300,37.771819,126.832394,N,N
E01DG7,조원점,전문블루핸즈,경기도 수원시 장안구 경수대로 894번길 8 (조원동),031 2578587,127.012042,37.30005,N,N
J02DG3,조촌점,전문블루핸즈,전북특별자치도 군산시 조촌로 139 (조촌동),063445 8270,35.976554,126.737287,N,N
MA0D38,종로옥인점,전문블루핸즈,서울특별시 종로구 자하문로 73 (옥인동), 02 7388204,37.582595,126.970296,N,N
MA0D19,종로와룡점,전문블루핸즈,서울특별시 종로구 돈화문로 83 (와룡동), 02 7651557,126.990322,37.575806,,
MA0D07,종로필운점,전문블루핸즈,서울특별시 종로구 사직로8길 3 (필운동), 02 7258204,126.969361,37.575456,N,N
P01DM3,좌동서부점,전문블루핸즈,부산광역시 해운대구 양운로 119 ,051 7048204,35.173128,129.172817,N,N
P01DK2,좌동점,전문블루핸즈,부산광역시 해운대구 좌동로 119 (좌동),051 7042800,35.173768,129.177561,N,Y
B01CA1,주교점,전문블루핸즈,경기도 고양시 덕양구 고양대로1315번길 58-13 (주교동),031 9621343,126.830822,37.658417,N,N
P02DG2,주례점,전문블루핸즈,부산광역시 사상구 가야대로 388 (주례동),051312 2142,35.151064,129.014867,N,Y
F01DH9,주문진점,전문블루핸즈,강원특별자치도 강릉시 주문진읍 연주로 285,033 6618272,128.827228,37.877961,,
MF0D36,주안남부점,전문블루핸즈,인천광역시 미추홀구 경인로 477 ,032 4217784,126.692456,37.459192,N,N
MF0D55,주안서부점,전문블루핸즈,인천광역시 미추홀구 석정로 426,032 8768272,37.466307,126.682796,N,N
D1M014,주안점(주),전문블루핸즈,인천광역시 미추홀구 인주대로 362 ,032 8653888,126.676764,37.451303,N,N
D1Z003,주안현대서비스(주),종합블루핸즈,인천광역시 미추홀구 경원대로 922 ,032 4284982,37.464951,126.690832,Y,N
L03DK4,주암점,전문블루핸즈,전남광주통합특별시 순천시 주암면 동주로 2008,061754 9500,127.230967,35.077633,N,N
S02DG4,주약점,전문블루핸즈,경상남도 진주시 진주대로 840 ,055 7575800,128.092947,35.175731,N,N
N01DK3,죽변점,전문블루핸즈,경상북도 울진군 죽변면 울진북로 1552,054783 0161,129.401389,37.0743,N,N
E01E47,죽산자동차정비(주),종합블루핸즈,경기도 안성시 죽산면 죽주로 73,031 6764455,127.404539,37.073347,N,N
E5M004,죽율점,전문블루핸즈,경기도 시흥시 죽율로 141-6 (죽율동),031 4978700,126.764781,37.355875,N,N
ME0D45,중계점,전문블루핸즈,서울특별시 노원구 노원로26길 31, 02 9058204,127.069711,37.651931,N,N
MB0D37,중곡점,전문블루핸즈,서울특별시 광진구 긴고랑로 86 (중곡동),02 34368204,127.084911,37.560647,N,N
M01L91,중대구현대서비스,종합블루핸즈,대구광역시 남구 봉덕로 32 (봉덕동),053 4716611,35.844759,128.593883,N,N
P1M002,중동북부점,전문블루핸즈,부산광역시 해운대구 좌동로 42 (중동),051 7470771,35.169267,129.1714,N,N
P01DM1,중동점,전문블루핸즈,부산광역시 해운대구 해운대로 753 (중동),051 7461122,129.172081,35.167206,N,N
M01DP3,중동중부점,전문블루핸즈,대구광역시 수성구 들안로 227 (중동),053764 6101,128.616444,35.850489,N,N
S02DK4,중리점,전문블루핸즈,경상남도 창원시 마산회원구 내서읍 중리공단로1길31(중리),055 2318509,128.507833,35.241394,N,N
I01DJ4,중리점,전문블루핸즈,대전광역시 대덕구 송촌북로5번길 7 ,042 6358204,127.436589,36.362714,N,N
B8M011,중앙로점,전문블루핸즈,서울특별시 양천구 중앙로 229 , 0226428200,126.854056,37.516892,N,N
L01DM1,중앙점,전문블루핸즈,전남광주통합특별시 해남군 해남읍 남부순환로 51,061 5328111,126.605542,34.566439,N,N
B2Z021,중원현대서비스,종합블루핸즈,경기도 성남시 중원구 둔촌대로 365 ,031 7222481,37.432719,127.157614,Y,N
J01DH4,중화산중부점,전문블루핸즈,전북특별자치도 전주시 완산구 서원로 341(중화산동1가),063 2828572,127.131567,35.813158,N,N
ME0D23,중화점,전문블루핸즈,서울특별시 중랑구 동일로 828 (중화동), 02 4969972,37.604451,127.079292,N,N
P03DG8,증산점,전문블루핸즈,경상남도 양산시 물금읍 새실2길 7 ,055 3838204,129.008214,35.318325,N,N
G01DK8,증평점,전문블루핸즈,충청북도 증평군 증평읍 초중7길 43,043 8388204,127.57075,36.780517,N,N
J02DG8,지곡남부점,전문블루핸즈,전북특별자치도 군산시 지곡로 33 (지곡동),063466 2211,126.710939,35.956411,N,N
J02DG2,지곡점,전문블루핸즈,전북특별자치도 군산시 신평안길 29 (지곡동),063466 8297,35.959078,126.711298,N,N
L03DK3,지봉점,전문블루핸즈,전남광주통합특별시 순천시 해룡면 지봉로 240,061 7448572,127.539331,34.935372,N,N
B1Z002,지에스모터스,종합블루핸즈,경기도 파주시 교하로863번길 5 (문발동),031 9188282,37.724375,126.70162,Y,N
S02Q34,지원정비공업사,종합블루핸즈,경상남도 창원시 의창구 무역로503번길 5-26,055 2381500,128.634172,35.223636,Y,N
I01CA2,지족남부점,전문블루핸즈,대전광역시 유성구 북유성대로 149 (지족동),042 5350711,127.322981,36.379864,N,N
I1M015,지족점㈜,전문블루핸즈,대전광역시 유성구 은구비남로 1 (지족동),042 4777676,127.315861,36.372394,N,N
MC0D43,지축점,전문블루핸즈,경기도 고양시 덕양구 안진8길 1 지축동, 02 3597700,126.921867,37.647111,N,N
I01DP9,직산점,전문블루핸즈,충청남도 천안시 서북구 성거읍 봉주로 142,041 5846252,36.877716,127.162278,N,N
S02DL2,진교점,전문블루핸즈,경상남도 하동군 진교면 경충로 1069,055883 0988,127.904614,35.028961,N,N
S02DM9,진동점,전문블루핸즈,경상남도 창원시 마산합포구 삼진의거대로 593,055 2715020,128.482831,35.114486,N,N
N01DJ3,진량점,전문블루핸즈,경상북도 경산시 진량읍 낙산길 4,053 8544500,35.875218,128.811961,N,N
P3M006,진례점,전문블루핸즈,경상남도 김해시 진례면 고모로 47,055 3467921,128.768125,35.232389,,
F01DK9,진부점,전문블루핸즈,강원특별자치도 평창군 진부면 청송로 81,033 3357785,128.555303,37.636975,N,N
J01CA4,진안점,전문블루핸즈,전북특별자치도 진안군 진안읍 대광3길 25-12,063433 6982,127.421775,35.785869,N,N
E01DP2,진안점,전문블루핸즈,경기도 화성시 병점4로 55 (진안동),031 2265547,37.214608,127.036936,N,N
S02DN7,진양호점,전문블루핸즈,경상남도 진주시 진양호로65번길 5(판문동),055 7488204,128.046858,35.167378,N,N
P03DH2,진영점,전문블루핸즈,경상남도 김해시 진영읍 김해대로 758,055 3451800,35.295963,128.766809,N,N
L1M001,진월점,전문블루핸즈,전남광주통합특별시 남구 서문대로627번안길 12 (진월동),062676 9114,126.896603,35.114431,N,N
ME0D41,진접점,전문블루핸즈,경기도 남양주시 진접읍 장현로 85-1,031 5278204,127.181886,37.718206,N,N
S02Q40,진주대동현대상용서비스,종합블루핸즈,경상남도 진주시 도동로 154 ,055 7521121,128.122881,35.183506,N,Y
S2Z006,진주현대상용서비스,종합블루핸즈,경상남도 진주시 동부로 142 ,055 7540342,128.123169,35.162206,N,N
G1M008,진천북부점,전문블루핸즈,충청북도 진천군 덕산면 진성로 496,043 5355544,36.894963,127.516327,N,N
G01CA4,진천점,전문블루핸즈,충청북도 진천군 진천읍 대촌1길 24,043 5336792,36.862819,127.447272,N,N
M01DK7,진천점,전문블루핸즈,대구광역시 달서구 상화로 167 (진천동),053 6448204,35.810103,128.532288,N,N
G1Z006,진천현대서비스,종합블루핸즈,충청북도 진천군 진천읍 문진로 1407,043 5335386,36.851493,127.427386,Y,Y
S02DG7,진해점,전문블루핸즈,경상남도 창원시 진해구 해원로 14번길 2 (이동),055 5510064,35.153558,128.695913,N,N
S2M006,진해충무점,전문블루핸즈,경상남도 창원시 진해구 충장로 52번길 1 (충무동),055 5478300,35.152616,128.657984,N,N
S02DP1,창녕점,전문블루핸즈,경상남도 창녕군 창녕읍 우포1대로 1559,055 5332566,128.483836,35.540853,N,N
S02Q53,창녕현대서비스,종합블루핸즈,경상남도 창녕군 영산면 영산도천로 440 ,055 5368558,35.44291,128.520235,Y,Y
B3M010,창동북부점(주),전문블루핸즈,서울특별시 도봉구 도봉로 562(창동), 02 9988204,127.039189,37.654764,N,N
ME0D19,창동점,전문블루핸즈,서울특별시 도봉구 도봉로 530 (창동), 02 9978204,127.037403,37.652389,N,N
MB0D97,창우점,전문블루핸즈,경기도 하남시 창우로 78 (창우동),031796 5545,37.533618,127.226487,N,N
Z1Z030,창원남부현대상용서비스,종합블루핸즈,경상남도 창원시 진해구 남영로 571 .,055 5441222,128.781222,35.121283,N,N
S02Q37,창원서부현대상용서비스,종합블루핸즈,경상남도 창원시 마산회원구 내서읍 중리공단로 149 ,055 2324442,35.244417,128.511632,Y,Y
S02000,창원하이테크센터,하이테크센터,경상남도 창원시 성산구 봉양로 397 신촌동 창원하이테크센터,055 2107800,35.208556,128.62821,,
MA0D99,창전점,전문블루핸즈,서울특별시 마포구 서강로9길 40 (창전동), 02 3328201,126.931397,37.554056,N,N
B2Z006,창전현대서비스,종합블루핸즈,경기도 이천시 이섭대천로 1249 ,031 6357890,37.281981,127.446704,N,N
E1Z017,처인북부현대서비스,종합블루핸즈,경기도 용인시 처인구 포곡읍 성산로 518 블루핸즈 처인북부현대서비스,031 3332210,127.199481,37.279111,N,N
S01DJ9,천상점,전문블루핸즈,울산광역시 울주군 범서읍 천상1길 19-17,052 2488204,129.231936,35.563375,N,N
I01G65,천안남부현대서비스,종합블루핸즈,충청남도 천안시 동남구 광풍로 1765 (청당동),041 5648000,36.776348,127.142606,Y,N
I1Z018,천안상용현대서비스(주),종합블루핸즈,충청남도 천안시 서북구 직산읍 성진로 430,041 5838272,127.179092,36.910442,N,N
I01G67,천안특장차자동차정비(주),종합블루핸즈,충청남도 천안시 서북구 천일고2길 99 ,041 5839889,127.158011,36.863736,N,N
E01DM3,천천점,전문블루핸즈,경기도 수원시 장안구 일월로66번길 16 (천천동),031 2928297,37.288865,126.97852,N,N
MB0D50,천호동부점,전문블루핸즈,서울특별시 강동구 올림픽로 701 (천호동), 02 4841192,127.125136,37.5441,N,N
B3Z004,철원현대서비스,종합블루핸즈,강원특별자치도 철원군 갈말읍 호국로 5030,033 4526434,38.16849,127.318236,Y,N
G1Z001,청남현대서비스,종합블루핸즈,충청북도 청주시 서원구 남이면 청남로 1817 ,043 2928204,36.597586,127.4721,Y,Y
B4M011,청담로데오점,전문블루핸즈,서울특별시 강남구 선릉로152길 16 1층, 02 5436807,127.040758,37.524019,N,N
G01DG6,청당점,전문블루핸즈,충청남도 천안시 동남구 청수10길 8 (청당동),041 6218204,127.160078,36.782131,,
N1M007,청도점,전문블루핸즈,경상북도 청도군 청도읍 중앙로 77,054 3738208,35.646151,128.751743,N,N
M01L83,청도현대서비스,종합블루핸즈,경상북도 청도군 화양읍 청려로 1798 ,054 3738400,128.715144,35.650906,N,N
D1M019,청라점,전문블루핸즈,인천광역시 서구 중봉대로 749 ,032 5643316,126.649439,37.546925,,
MD0D61,청라현대상용서비스,종합블루핸즈,인천광역시 서구 봉수대로501번길 62 청라현대상용서비스,032 5758504,126.6551,37.520914,N,N
N01DH9,청림점,전문블루핸즈,경상북도 포항시 남구 정몽주로 897 (청림동),054 2925020,129.403511,35.994644,N,N
I01DJ1,청양점,전문블루핸즈,충청남도 청양군 청양읍 칠갑산로열길 35,041 9434199,126.803122,36.447756,N,N
G01DK3,청전동부점,전문블루핸즈,충청북도 제천시 용두천로 344 ,043 6448160,128.217831,37.155775,N,N
G01DJ5,청전점,전문블루핸즈,충청북도 제천시 청전대로6길 2 (청전동),043653 2277,37.146614,128.205926,N,N
G01DL4,청주북부점,전문블루핸즈,충청북도 청주시 청원구 공항로 238-2 ,043 2988205,36.678289,127.484632,N,Y
G01000,청주하이테크센터,하이테크센터,충청북도 청주시 흥덕구 직지대로 257  비하동,043 2300100,36.647217,127.421417,,
MF0D76,청천점,전문블루핸즈,인천광역시 부평구 평천로 150 (청천동),032529 8204,126.707558,37.5189,N,N
B1M013,청파로점,전문블루핸즈,서울특별시 용산구 청파로 353(서계동), 02 7131336,126.969264,37.551094,N,N
ME0D46,청평점,전문블루핸즈,경기도 가평군 청평면 경춘로 805-1,031 5856300,127.417242,37.737756,N,N
E01DG6,청학점,전문블루핸즈,경기도 오산시 청학로 66 (청학동),031372 8288,37.154751,127.065338,N,N
P02DG9,청학점,전문블루핸즈,부산광역시 영도구 태종로 417 (청학동),051418 8228,35.090395,129.066622,N,N
S02DN9,초전점,전문블루핸즈,경상남도 진주시 진산로 241 ,055 7588134,35.209269,128.120289,N,Y
E05DP3,초지점,전문블루핸즈,"경기도 안산시 단원구 원포공원2로 35 101~103호(초지동,메가쇼핑타운1)",031 4848101,126.813561,37.301742,N,N
Z1Z035,춘천상용현대서비스,종합블루핸즈,강원특별자치도 춘천시 신동면 한치로 966-171 ,033 2647770,127.707767,37.806256,N,N
F01DH5,춘천서부점,전문블루핸즈,강원특별자치도 춘천시 영서로 2339 ,033 2444706,127.715878,37.868083,N,Y
S2M008,충무공점,전문블루핸즈,경상남도 진주시 에나로228번길 16-18(충무공동),055 7582500,35.1684,128.142377,N,N
MA0D26,충정로점,전문블루핸즈,서울특별시 서대문구 경기대로9길 70 (충정로3가), 02 3138204,126.96056,37.56435,N,N
N01DH4,충효점,전문블루핸즈,경상북도 경주시 태종로 450-2,054 7438204,35.843441,129.179082,N,N
E01DK8,칠원점,전문블루핸즈,경기도 평택시 신촌로 95(칠원동) ,031 6186060,127.110567,37.027172,N,N
B2M011,탄벌점,전문블루핸즈,경기도 광주시 회안대로 714 (탄벌동),031 7618110,37.415144,127.243679,N,N
G1M001,탑동점,전문블루핸즈,"충청북도 청주시 상당구 중고개로 364, 35(탑동)",043 2358201,127.500892,36.631553,N,Y
I01DJ8,탑립점,전문블루핸즈,대전광역시 유성구 테크노10로 53 (탑립동),042 6269974,36.416516,127.408243,N,N
I01DM4,탕정점,전문블루핸즈,충청남도 아산시 탕정면 탕정면로 200,041 5417166,36.807709,127.074159,N,N
D1Z008,태극모터스,종합블루핸즈,인천광역시 옹진군 백령면 백령로 855,032 8365800,124.666686,37.957903,N,N
F01DG1,태백서부점,전문블루핸즈,강원특별자치도 태백시 한성3주택길 1 화전점현대자동차,033 5528205,128.973142,37.180425,N,N
F1Z004,태백현대서비스,종합블루핸즈,강원특별자치도 태백시 황지로 104(황지동),033 5526000,128.992356,37.168033,N,Y
MD0D63,태안대형점,전문블루핸즈,경기도 화성시 정조로 63 (진안동),031 2235433,127.028322,37.217328,N,N
I01G75,태안현대서비스,종합블루핸즈,충청남도 태안군 태안읍 원이로 79,041 6755217,36.764067,126.287518,Y,N
J01DL5,태인점,전문블루핸즈,전북특별자치도 정읍시 태인면 정읍북로 1203,063534 8688,126.933878,35.650658,N,N
M01DK3,태전점,전문블루핸즈,대구광역시 북구 학정로 113 (태전동),053 3138572,35.917981,128.550473,N,N
Z13Z74,태전현대서비스(주),종합블루핸즈,경기도 광주시 순암로 155 (중대동),031763 3332,37.396399,127.233162,Y,N
S01CA2,태화점,전문블루핸즈,울산광역시 중구 명정3길 32 (태화동),052247 8998,35.553664,129.290591,N,N
M01DK1,태화점,전문블루핸즈,경상북도 안동시 경동로 427 (태화동),054854 3159,36.569064,128.706802,N,N
B3Z002,테크원모터스주식회사,종합블루핸즈,경기도 가평군 가평읍 태봉두밀로 34-73,031 5818585,127.487133,37.804311,N,N
B1M004,토당능곡점,전문블루핸즈,경기도 고양시 덕양구 토당로 20 (토당동),031 9721472,37.618415,126.823009,N,N
MB0D92,토평점,전문블루핸즈,경기도 구리시 벌말로 122 (토평동),031 5649940,127.148528,37.587339,N,N
F01DL1,통리점,전문블루핸즈,강원특별자치도 태백시 짝바우골길 15 (통동),033554 4423,129.02135,37.169625,N,N
S02Q51,통영현대서비스,종합블루핸즈,경상남도 통영시 평인일주로 1106-88 ,055 6462525,34.857408,128.416835,N,N
MF0D71,통진남부점,전문블루핸즈,경기도 김포시 통진읍 율마로 332 ,031 9840085,126.598961,37.680547,N,N
D1Z010,통진현대서비스,종합블루핸즈,경기도 김포시 통진읍 서암고정로 196 ,031 9860335,37.702352,126.608714,N,N
B03DG5,퇴계점,전문블루핸즈,"강원특별자치도 춘천시 우묵길52번길 26, 1층 (퇴계동)",033 2415982,127.724586,37.864369,N,Y
B8Z001,파주현대서비스,종합블루핸즈,경기도 파주시 월롱면 휴암로 235,031 9499141,37.81236,126.78254,N,Y
S02DK3,팔용동부점,전문블루핸즈,경상남도 창원시 의창구 창원대로363번길 22-25(팔용동),055 2777400,128.641036,35.237172,N,N
S02DN6,팔용중앙점,전문블루핸즈,경상남도 창원시 의창구 남산로 35 (팔용동),055 2533657,128.613861,35.258581,N,N
Z1Z022,팔탄상용현대서비스㈜,종합블루핸즈,경기도 화성시 팔탄면 버들로 1317(외 3플지),03180597755,126.851728,37.128369,N,N
E1Z004,팔탄현대서비스,종합블루핸즈,경기도 화성시 팔탄면 포승향남로 2960-4 ,031 3584949,37.156189,126.911937,Y,Y
E01DN1,팽성점,전문블루핸즈,경기도 평택시 팽성읍 안정로 215,031 6914856,127.063531,36.969553,,
S02DJ3,평거점,전문블루핸즈,경상남도 진주시 남강로309번길 12 ,055 7469200,35.168881,128.062966,N,N
M01DM3,평리점,전문블루핸즈,대구 서구 서대구로 205 (평리동 617-3),053 5658204,35.876425,128.554488,N,N
M01DM4,평리중부점,전문블루핸즈,대구광역시 서구 서대구로 172 (평리동),053572 8282,35.873315,128.555435,N,N
P03DH7,평산점,전문블루핸즈,경상남도 양산시 웅상대로 941 (평산동),055 3658639,129.154183,35.383589,N,N
F01DM1,평창남부점,전문블루핸즈,강원특별자치도 평창군 평창읍 서동로 2553 ,033 3320907,128.401122,37.367297,N,N
E05DM6,평촌중부점,전문블루핸즈,경기도 안양시 동안구 흥안대로 366 (평촌동),031426 8254,126.973061,37.386953,N,N
E01E43,평촌현대서비스(주),종합블루핸즈,경기도 안양시 동안구 시민대로383번길 23 (관양동),031 4238200,37.397581,126.972502,N,Y
E1Z009,평택남부현대서비스,종합블루핸즈,경기도 평택시 신평로 67 (유천동),031 6524848,36.972967,127.105297,Y,Y
Z1Z032,평화로현대서비스,종합블루핸즈,제주특별자치도 제주시 애월읍 평화로 2585 ,064 7991030,126.425981,33.438758,N,N
M1M004,평화점,전문블루핸즈,경상북도 김천시  영남대로 1660(평화동),054 4328204,36.128419,128.115492,N,N
E01DL5,포승점,전문블루핸즈,경기도 평택시 포승읍 평택항로184번길 4-9,031 6812263,36.974817,126.844094,N,Y
E01E63,포승현대서비스,종합블루핸즈,경기도 평택시 포승읍 도곡리 697-18,031 6819777,126.858567,36.989981,N,N
Z32Z16,포천내촌현대상용서비스,종합블루핸즈,경기도 포천시 내촌면 금강로 2008 ,031 5346772,127.222036,37.759625,N,N
Z12Z65,포천신북현대서비스,종합블루핸즈,경기도 포천시 신북면 중앙로335번길 1 ,031 5355200,127.212833,37.914408,N,N
ME0D64,포천점,전문블루핸즈,경기도 포천시 호국로 1083 (선단동),031 5343989,37.860855,127.170781,N,N
N01000,포항하이테크센터,하이테크센터,경상북도 포항시 남구 연일읍 동문로 102  ,054 2862111,35.999589,129.353811,,
D1M002,풍무점,전문블루핸즈,경기도 김포시 풍무로146번길 78 ,031 9988204,126.727861,37.607469,N,N
L1M015,풍암동부점,전문블루핸즈,전남광주통합특별시 서구 풍암순환로128번길 81 ,062 6828204,126.885978,35.128917,,
S02DN2,풍호점,전문블루핸즈,경상남도 창원시 진해구 진해대로1047번길 24 (풍호동),055 5474454,128.710719,35.136019,N,N
P3M007,하남점,전문블루핸즈,경상남도 밀양시 하남읍 수산중앙로 125,055 3916566,35.376626,128.718391,N,N
L01J53,하남현대서비스,종합블루핸즈,전남광주통합특별시 광산구 하남대로 127-10 ,062 9622111,126.807483,35.181258,Y,N
B2Z020,하남현대종합서비스,종합블루핸즈,경기도 하남시 초광산단동로 8 (광암동), 0269562470,37.5284,127.173144,N,Y
MF0D86,하늘도시점,전문블루핸즈,인천광역시 영종구 관창로4번길 20 ,032 7468204,126.533011,37.492958,N,N
P02DG3,하단점,전문블루핸즈,부산광역시 사하구 하신번영로 344 (하단동),051207 0769,128.959647,35.111519,N,N
L1M006,하당점,전문블루핸즈,전남광주통합특별시 목포시 교육로 98,061 2838272,34.805571,126.418569,N,N
MB0D72,하대원중부점,전문블루핸즈,경기도 성남시 중원구 둔촌대로 317-1 (하대원동),031757 8203,127.153272,37.430733,N,N
S2M004,하동점,전문블루핸즈,경상남도 하동군 하동읍 군청로 149-1,055 8835805,127.763297,35.061086,N,N
MB0D19,하리점,전문블루핸즈,경기도 여주시 여흥로 18-5 (하동),031 8867942,127.626575,37.298983,N,N
G01DH9,하복대점,전문블루핸즈,충청북도 청주시 흥덕구 죽천로 98 (복대동),043 2319999,127.433753,36.637644,N,N
MF0D53,하성점,전문블루핸즈,경기도 김포시 하성면 월하로 724,031 9819900,126.635128,37.709503,N,N
N01DK8,하양점,전문블루핸즈,경상북도 경산시 하양읍 대경로 799,053 8544317,35.915301,128.826301,N,N
N01N18,하양현대서비스,종합블루핸즈,경상북도 경산시 진량읍 공단10로 349 ,053 8519009,128.834722,35.885981,Y,Y
J01DH5,하정점,전문블루핸즈,전북특별자치도 남원시 의총로 90-27 (하정동),063633 6111,127.377658,35.4089,N,N
MF0D13,학운점,전문블루핸즈,경기도 김포시 양촌읍 황금로 23번길 18-24,031981 8206,126.629578,37.619325,N,N
MF0D75,학익점,전문블루핸즈,인천광역시 미추홀구 한나루로 373,032 8767204,37.441591,126.662666,N,N
P02CA2,학장점,전문블루핸즈,부산광역시 사상구 학장로 159 (학장동),051325 8888,35.14266,128.984444,N,N
E01E50,한근자동차공업(주),종합블루핸즈,경기도 안양시 동안구 시민대로 367 (관양동),031421 3385,37.396864,126.971365,Y,N
T01DJ1,한림점,전문블루핸즈,제주특별자치도 제주시 한림읍 일주서로 5697 ,064 7966868,33.435859,126.277773,N,N
M01M04,한성종합정비,종합블루핸즈,대구광역시 달성군 하빈면 하빈남로 564,053 5839580,128.397558,35.875903,N,N
Z32Z12,한양자동차공업(주),종합블루핸즈,경기도 포천시 소흘읍 호국로 483,031 5416600,37.816384,127.13479,N,N
S02DG8,함양점,전문블루핸즈,경상남도 함양군 함양읍 함양로 1262,055 9639453,127.733119,35.529739,N,N
J01DM2,함열점,전문블루핸즈,전북특별자치도 익산시 함열읍 함낭로 495,063861 7770,36.074108,126.962217,N,N
L1Z012,함평현대서비스,종합블루핸즈,전남광주통합특별시 함평군 대동면 학동로 404  ,061 3238205,35.061498,126.537811,N,N
S02DJ1,합천점,전문블루핸즈,경상남도 합천군 합천읍 대야로 932,055 9341388,128.164058,35.571475,N,N
S02Q35,합천현대서비스,종합블루핸즈,경상남도 합천군 대양면 동부로 22 .,055 9332223,35.555367,128.164078,N,N
L01DH5,해남점,전문블루핸즈,전남광주통합특별시 해남군 해남읍 중앙1로 489,061 5368203,34.579147,126.582984,N,N
I01DQ8,해미점,전문블루핸즈,충청남도 서산시 해미면 남문2로 186,041 6880456,126.550242,36.708606,N,N
E5Z003,해안현대서비스,종합블루핸즈,경기도 안산시 상록구 선진6길 26 ,031 4075333,37.281399,126.84492,N,N
S02DK6,해운점,전문블루핸즈,경상남도 창원시 마산합포구 월영동12길 6 (해운동),055 2245533,128.565256,35.180444,N,N
MA0D52,행신가라뫼점,전문블루핸즈,경기도 고양시 덕양구 행신로 279번길 7 (행신동),031 9710909,126.844333,37.620047,N,N
E1M002,향남점,전문블루핸즈,경기도 화성시 향남읍 행정죽전로1길 4,031 3532002,37.123501,126.920493,N,N
J1M004,혁신점,전문블루핸즈,전북특별자치도 전주시 덕진구 원장동길 17 (장동194-6),063 2110007,127.055653,35.845108,N,N
G1Z004,현대감곡상용서비스(주),종합블루핸즈,충청북도 음성군 감곡면 중간말길16번길 59(외1필지),043 8826262,127.703664,37.111625,N,N
Z17Z17,현대강남자동차써비스(주),종합블루핸즈,서울특별시 서초구 마방로 26 (양재동), 02 5751900,37.474541,127.040978,N,Y
A1Z001,현대대경시트,종합블루핸즈,대구광역시 서구 달서천로 337-1,053 3550554,128.571879,35.88459,,
Z0ZY02,현대수원시트,종합블루핸즈,경기도 용인시 기흥구 중부대로 137 (영덕동),031 2162558,127.085075,37.266661,,
G01H40,현대자동차오송서비스(주),종합블루핸즈,충청북도 청주시 흥덕구 강내면 가로수로 485,043 2320880,36.623786,127.353639,N,Y
G01H41,현대자동차증평서비스,종합블루핸즈,충청북도 증평군 증평읍 두름로 113,043 8382044,36.781264,127.595184,Y,Y
Z1Z020,현대자동차청주상용서비스(주),종합블루핸즈,충청북도 청주시 청원구 팔결로 67-26 ,043 2134085,127.480744,36.690811,N,N
G01H03,현대자동차충주서비스㈜,종합블루핸즈,충청북도 충주시 목행산단6로 27 ,043 8557000,37.000702,127.917988,Y,Y
M01L88,현대종합정비공장,종합블루핸즈,경상북도 안동시 공단로 42 (수상동),054 8585555,128.705461,36.550186,N,N
A1Z007,현대하이카손해사정(주),종합블루핸즈,"서울특별시 송파구 송파대로 570 3층(신천동,타워730)", 02 5545656,0,0,,
M01DG5,현풍점,전문블루핸즈,대구광역시 달성군 현풍읍 논공로 60 ,053 6114040,128.441217,35.711131,N,N
M1Z022,현풍현대서비스,종합블루핸즈,대구광역시 달성군 현풍읍 국가산단북로 360 ,053 6176767,128.430122,35.665464,Y,Y
S01DH5,호계남부점,전문블루핸즈,울산광역시 북구 동대로 50 ,052 2958572,35.628044,129.35754,N,Y
E05DN7,호계점,전문블루핸즈,경기도 안양시 동안구 경수대로 697 (호계동),031 4588204,126.951514,37.384058,N,N
E01DN2,호매실점,전문블루핸즈,경기도 수원시 권선구 칠보로113번길 16 (호매실동),031 2178204,126.9514,37.267103,,
J01DK8,호성점,전문블루핸즈,전북특별자치도 전주시 덕진구 동부대로 802 (호성동1가),063 2468182,35.859305,127.154821,N,N
G1M002,호암남부점,전문블루핸즈,충청북도 충주시 원호암4길 26 (호암동),043 8449300,36.955216,127.937717,N,N
ME0D31,호평점,전문블루핸즈,경기도 남양주시 늘을1로16번안길 9-20 (호평동),031 5118200,127.241378,37.654731,N,N
L01DL8,홍농점,전문블루핸즈,전남광주통합특별시 영광군 홍농읍 홍농로 437 ,061 3562825,126.445056,35.393825,N,N
B1M010,홍제점,전문블루핸즈,서울특별시 서대문구 홍제내길 76, 0260838200,126.935794,37.585836,N,N
F1M006,홍천동부점,전문블루핸즈,강원특별자치도 홍천군 홍천읍 홍천로 640 ,033 4337011,37.705545,127.907544,N,N
MC0D39,화곡남부점,전문블루핸즈,서울특별시 강서구 까치산로 165 (화곡동), 0226048227,126.852789,37.552131,N,N
B3M012,화도동부점,전문블루핸즈,경기도 남양주시 화도읍 경춘로 1713,031 5929393,37.655756,127.28115,N,N
ME0D29,화도점,전문블루핸즈,경기도 남양주시 화도읍 경춘로창벌1길 21,031 5940500,127.303397,37.650086,N,N
T1M008,화북점,전문블루핸즈,제주특별자치도 제주시 청풍남2길 3 (화북일동),064 7227285,33.518059,126.564588,N,N
E01DK7,화서점,전문블루핸즈,경기도 수원시 팔달구 팔달로151 (화서1동),031 2478204,127.005392,37.281961,N,N
Z32Z26,화성남양현대상용서비스,종합블루핸즈,경기도 화성시 남양읍 주석로 370-17 ,031 3563816,126.862447,37.202386,N,N
Z1Z002,화성상용서비스(주),종합블루핸즈,경기도 화성시 양감면 암소고개로 255-18,03180581133,126.913869,37.076494,N,N
Z1Z041,화성양감현대상용서비스,종합블루핸즈,경기도 화성시 양감면 은행나무로 23 ,03151861851,126.931472,37.065986,N,N
E1Z016,화성중앙현대서비스,종합블루핸즈,경기도 화성시 안녕길 21-10 현대자동차 블루핸즈 화성중앙현대서비스,031 2215833,126.990394,37.205083,N,N
E01E38,화성현대서비스,종합블루핸즈,경기도 화성시 송산면 송산로 84 ,031 3566200,37.217762,126.72902,N,Y
B2Z002,화영공업,종합블루핸즈,서울특별시 성동구 자동차시장1길 94-25 (용답동), 0222492148,127.067983,37.559314,N,N
M01DQ2,화원점,전문블루핸즈,대구광역시 달성군 화원읍 비슬로 2408 ,053 6388504,35.794991,128.483503,N,N
L03DH3,화장점,전문블루핸즈,전남광주통합특별시 여수시 화산로 99 (화장동),061 6855058,127.648358,34.775106,N,N
L01DL7,화정점,전문블루핸즈,전남광주통합특별시 서구 화정로 80 (화정동),062383 3116,126.866153,35.144711,N,N
MA0D24,화정점,전문블루핸즈,경기도 고양시 덕양구 화신로 258 (화정동),031 9785151,126.832897,37.630814,N,N
J01DM7,황등점,전문블루핸즈,전북특별자치도 익산시 황등면 황등로 14,063856 8572,35.994624,126.949206,N,N
I01CB1,황산점,전문블루핸즈,충청남도 논산시 부적면 부인길 15,041 7340701,127.114622,36.211956,N,N
M1M007,황상점,전문블루핸즈,경상북도 구미시 수출대로 526 (황상동) ,054 4731450,128.422678,36.110386,N,N
N01DK1,황성점,전문블루핸즈,경상북도 경주시 갓뒤길3번길 1-6 ,054 7768209,129.216542,35.870797,N,N
MA0DA8,황학남부점,전문블루핸즈,서울특별시 중구 난계로 177 (황학동), 0222338201,127.023347,37.567433,N,N
MA0D75,황학점,전문블루핸즈,서울특별시 중구 난계로19길 2 (황학동), 0222358204,37.569517,127.023045,N,N
I01DQ9,회동점,전문블루핸즈,충청북도 영동군 영동읍 동정로 122,043 7438204,127.793864,36.171214,N,N
ME0D75,회정점,전문블루핸즈,경기도 양주시 평화로 1807 (회정동),031 8598888,127.054514,37.850469,N,N
M01DG6,효목점,전문블루핸즈,대구광역시 동구 동부로 182 (효목동),053754 4616,35.877603,128.632385,N,Y
S01P15,효문현대서비스,종합블루핸즈,울산광역시 북구 염포로 275 ,052 2894001,35.561176,129.369336,N,N
J01DN3,효자남부점,전문블루핸즈,전북특별자치도 전주시 완산구 쑥고개로 376(효자동2가),063 2248865,127.106097,35.803603,N,N
J1M002,효자북부점,전문블루핸즈,전북특별자치도 전주시 완산구 후곡길 5-16 (효자동2가),063224 7282,127.094906,35.809364,N,N
J01DH8,효자점,전문블루핸즈,전북특별자치도 전주시 완산구 안행로 50 (효자동1가),063227 9949,127.133631,35.801453,N,N
B03DG4,후평점,전문블루핸즈,강원특별자치도 춘천시 춘천로 376 (후평동),033251 8838,127.750731,37.886917,,
N01DG7,후포점,전문블루핸즈,경상북도 울진군 후포면 후포삼율로 199 ,054 7888204,129.441361,36.68765,N,N
N01DG9,흥해점,전문블루핸즈,경상북도 포항시 북구 흥해읍 동해대로 1529,054 2628275,36.108654,129.342453,N,N
